x,y,z,row,col
-689.81,0.00,-716.30,0,0
-660.56,0.00,-716.51,0,1
-631.32,0.00,-716.72,0,2
-602.07,0.00,-716.93,0,3
-572.82,0.00,-717.15,0,4
-543.58,0.00,-717.36,0,5
-514.33,0.00,-717.57,0,6
-485.09,0.00,-717.78,0,7
-455.84,0.00,-718.00,0,8
-426.59,0.00,-718.21,0,9
-397.35,0.00,-718.42,0,10
-368.10,0.00,-718.63,0,11
-338.85,0.00,-718.85,0,12
-309.61,0.00,-719.06,0,13
-280.36,0.00,-719.27,0,14
-251.11,0.00,-719.48,0,15
-221.87,0.00,-719.70,0,16
-192.62,0.00,-719.91,0,17
-163.38,0.00,-720.12,0,18
-134.13,0.00,-720.33,0,19
-104.88,0.00,-720.55,0,20
-75.64,0.00,-720.76,0,21
-46.39,0.00,-720.97,0,22
-17.14,0.00,-721.19,0,23
12.10,0.00,-721.40,0,24
41.35,0.00,-721.61,0,25
70.60,0.00,-721.83,0,26
99.84,0.00,-722.04,0,27
129.09,0.00,-722.25,0,28
158.33,0.00,-722.46,0,29
187.58,0.00,-722.68,0,30
216.83,0.00,-722.89,0,31
246.07,0.00,-723.10,0,32
275.32,0.00,-723.32,0,33
304.57,0.00,-723.53,0,34
333.81,0.00,-723.74,0,35
363.06,0.00,-723.96,0,36
392.31,0.00,-724.17,0,37
421.55,0.00,-724.38,0,38
450.80,0.00,-724.60,0,39
480.05,0.00,-724.81,0,40
509.29,0.00,-725.02,0,41
538.54,0.00,-725.24,0,42
567.78,0.00,-725.45,0,43
597.03,0.00,-725.67,0,44
626.28,0.00,-725.88,0,45
655.52,0.00,-726.09,0,46
-689.59,0.00,-686.48,1,0
-660.35,0.00,-686.69,1,1
-631.10,0.00,-686.90,1,2
-601.85,0.00,-687.12,1,3
-572.61,0.00,-687.33,1,4
-543.36,0.00,-687.54,1,5
-514.11,0.00,-687.75,1,6
-484.87,0.00,-687.97,1,7
-455.62,0.00,-688.18,1,8
-426.38,0.00,-688.39,1,9
-397.13,0.00,-688.60,1,10
-367.88,0.00,-688.82,1,11
-338.64,0.00,-689.03,1,12
-309.39,0.00,-689.24,1,13
-280.14,0.00,-689.45,1,14
-250.90,0.00,-689.67,1,15
-221.65,0.00,-689.88,1,16
-192.40,0.00,-690.09,1,17
-163.16,0.00,-690.31,1,18
-133.91,0.00,-690.52,1,19
-104.67,0.00,-690.73,1,20
-75.42,0.00,-690.94,1,21
-46.17,0.00,-691.16,1,22
-16.93,0.00,-691.37,1,23
12.32,0.00,-691.58,1,24
41.57,0.00,-691.80,1,25
70.81,0.00,-692.01,1,26
100.06,0.00,-692.22,1,27
129.31,0.00,-692.44,1,28
158.55,0.00,-692.65,1,29
187.80,0.00,-692.86,1,30
217.04,0.00,-693.07,1,31
246.29,0.00,-693.29,1,32
275.54,0.00,-693.50,1,33
304.78,0.00,-693.71,1,34
334.03,0.00,-693.93,1,35
363.28,0.00,-694.14,1,36
392.52,0.00,-694.35,1,37
421.77,0.00,-694.57,1,38
451.02,0.00,-694.78,1,39
480.26,0.00,-694.99,1,40
509.51,0.00,-695.21,1,41
538.76,0.00,-695.42,1,42
568.00,0.00,-695.64,1,43
597.25,0.00,-695.85,1,44
626.50,0.00,-696.06,1,45
655.74,0.00,-696.28,1,46
-689.38,0.00,-656.66,2,0
-660.13,0.00,-656.88,2,1
-630.88,0.00,-657.09,2,2
-601.64,0.00,-657.30,2,3
-572.39,0.00,-657.51,2,4
-543.14,0.00,-657.73,2,5
-513.90,0.00,-657.94,2,6
-484.65,0.00,-658.15,2,7
-455.41,0.00,-658.36,2,8
-426.16,0.00,-658.57,2,9
-396.91,0.00,-658.79,2,10
-367.67,0.00,-659.00,2,11
-338.42,0.00,-659.21,2,12
-309.17,0.00,-659.43,2,13
-279.93,0.00,-659.64,2,14
-250.68,0.00,-659.85,2,15
-221.43,0.00,-660.06,2,16
-192.19,0.00,-660.28,2,17
-162.94,0.00,-660.49,2,18
-133.70,0.00,-660.70,2,19
-104.45,0.00,-660.91,2,20
-75.20,0.00,-661.13,2,21
-45.96,0.00,-661.34,2,22
-16.71,0.00,-661.55,2,23
12.54,0.00,-661.77,2,24
41.78,0.00,-661.98,2,25
71.03,0.00,-662.19,2,26
100.28,0.00,-662.41,2,27
129.52,0.00,-662.62,2,28
158.77,0.00,-662.83,2,29
188.02,0.00,-663.04,2,30
217.26,0.00,-663.26,2,31
246.51,0.00,-663.47,2,32
275.76,0.00,-663.68,2,33
305.00,0.00,-663.90,2,34
334.25,0.00,-664.11,2,35
363.49,0.00,-664.32,2,36
392.74,0.00,-664.54,2,37
421.99,0.00,-664.75,2,38
451.23,0.00,-664.96,2,39
480.48,0.00,-665.18,2,40
509.73,0.00,-665.39,2,41
538.97,0.00,-665.61,2,42
568.22,0.00,-665.82,2,43
597.47,0.00,-666.03,2,44
626.71,0.00,-666.25,2,45
655.96,0.00,-666.46,2,46
-689.16,0.00,-626.85,3,0
-659.91,0.00,-627.06,3,1
-630.67,0.00,-627.27,3,2
-601.42,0.00,-627.48,3,3
-572.17,0.00,-627.70,3,4
-542.93,0.00,-627.91,3,5
-513.68,0.00,-628.12,3,6
-484.44,0.00,-628.33,3,7
-455.19,0.00,-628.55,3,8
-425.94,0.00,-628.76,3,9
-396.70,0.00,-628.97,3,10
-367.45,0.00,-629.18,3,11
-338.20,0.00,-629.40,3,12
-308.96,0.00,-629.61,3,13
-279.71,0.00,-629.82,3,14
-250.46,0.00,-630.03,3,15
-221.22,0.00,-630.25,3,16
-191.97,0.00,-630.46,3,17
-162.72,0.00,-630.67,3,18
-133.48,0.00,-630.89,3,19
-104.23,0.00,-631.10,3,20
-74.99,0.00,-631.31,3,21
-45.74,0.00,-631.52,3,22
-16.49,0.00,-631.74,3,23
12.75,0.00,-631.95,3,24
42.00,0.00,-632.16,3,25
71.25,0.00,-632.38,3,26
100.49,0.00,-632.59,3,27
129.74,0.00,-632.80,3,28
158.99,0.00,-633.02,3,29
188.23,0.00,-633.23,3,30
217.48,0.00,-633.44,3,31
246.73,0.00,-633.65,3,32
275.97,0.00,-633.87,3,33
305.22,0.00,-634.08,3,34
334.47,0.00,-634.29,3,35
363.71,0.00,-634.51,3,36
392.96,0.00,-634.72,3,37
422.21,0.00,-634.93,3,38
451.45,0.00,-635.15,3,39
480.70,0.00,-635.36,3,40
509.94,0.00,-635.58,3,41
539.19,0.00,-635.79,3,42
568.44,0.00,-636.00,3,43
597.68,0.00,-636.22,3,44
626.93,0.00,-636.43,3,45
656.18,0.00,-636.64,3,46
-688.94,0.00,-597.03,4,0
-659.70,0.00,-597.24,4,1
-630.45,0.00,-597.46,4,2
-601.20,0.00,-597.67,4,3
-571.96,0.00,-597.88,4,4
-542.71,0.00,-598.09,4,5
-513.47,0.00,-598.30,4,6
-484.22,0.00,-598.52,4,7
-454.97,0.00,-598.73,4,8
-425.73,0.00,-598.94,4,9
-396.48,0.00,-599.15,4,10
-367.23,0.00,-599.37,4,11
-337.99,0.00,-599.58,4,12
-308.74,0.00,-599.79,4,13
-279.49,0.00,-600.01,4,14
-250.25,0.00,-600.22,4,15
-221.00,0.00,-600.43,4,16
-191.75,0.00,-600.64,4,17
-162.51,0.00,-600.86,4,18
-133.26,0.00,-601.07,4,19
-104.01,0.00,-601.28,4,20
-74.77,0.00,-601.49,4,21
-45.52,0.00,-601.71,4,22
-16.28,0.00,-601.92,4,23
12.97,0.00,-602.13,4,24
42.22,0.00,-602.35,4,25
71.46,0.00,-602.56,4,26
100.71,0.00,-602.77,4,27
129.96,0.00,-602.99,4,28
159.20,0.00,-603.20,4,29
188.45,0.00,-603.41,4,30
217.70,0.00,-603.63,4,31
246.94,0.00,-603.84,4,32
276.19,0.00,-604.05,4,33
305.44,0.00,-604.26,4,34
334.68,0.00,-604.48,4,35
363.93,0.00,-604.69,4,36
393.18,0.00,-604.90,4,37
422.42,0.00,-605.12,4,38
451.67,0.00,-605.33,4,39
480.92,0.00,-605.55,4,40
510.16,0.00,-605.76,4,41
539.41,0.00,-605.97,4,42
568.66,0.00,-606.19,4,43
597.90,0.00,-606.40,4,44
627.15,0.00,-606.61,4,45
656.40,0.00,-606.83,4,46
-688.73,0.00,-567.21,5,0
-659.48,0.00,-567.43,5,1
-630.23,0.00,-567.64,5,2
-600.99,0.00,-567.85,5,3
-571.74,0.00,-568.06,5,4
-542.50,0.00,-568.28,5,5
-513.25,0.00,-568.49,5,6
-484.00,0.00,-568.70,5,7
-454.76,0.00,-568.91,5,8
-425.51,0.00,-569.13,5,9
-396.26,0.00,-569.34,5,10
-367.02,0.00,-569.55,5,11
-337.77,0.00,-569.76,5,12
-308.52,0.00,-569.98,5,13
-279.28,0.00,-570.19,5,14
-250.03,0.00,-570.40,5,15
-220.78,0.00,-570.61,5,16
-191.54,6.63,-570.83,5,17
-162.29,6.63,-571.04,5,18
-133.04,0.00,-571.25,5,19
-103.80,0.00,-571.47,5,20
-74.55,0.00,-571.68,5,21
-45.30,0.00,-571.89,5,22
-16.06,0.00,-572.10,5,23
13.19,0.00,-572.32,5,24
42.43,0.00,-572.53,5,25
71.68,0.00,-572.74,5,26
100.93,0.00,-572.96,5,27
130.17,0.00,-573.17,5,28
159.42,0.00,-573.38,5,29
188.67,0.00,-573.60,5,30
217.91,0.00,-573.81,5,31
247.16,0.00,-574.02,5,32
276.41,0.00,-574.23,5,33
305.65,0.00,-574.45,5,34
334.90,0.00,-574.66,5,35
364.15,0.00,-574.87,5,36
393.39,0.00,-575.09,5,37
422.64,0.00,-575.30,5,38
451.89,0.00,-575.52,5,39
481.13,0.00,-575.73,5,40
510.38,0.00,-575.94,5,41
539.63,0.00,-576.16,5,42
568.87,0.00,-576.37,5,43
598.12,0.00,-576.58,5,44
627.37,0.00,-576.80,5,45
656.61,0.00,-577.01,5,46
-688.51,0.00,-537.40,6,0
-659.26,0.00,-537.61,6,1
-630.02,0.00,-537.82,6,2
-600.77,0.00,-538.03,6,3
-571.53,0.00,-538.25,6,4
-542.28,0.00,-538.46,6,5
-513.03,0.00,-538.67,6,6
-483.79,0.00,-538.88,6,7
-454.54,0.00,-539.10,6,8
-425.29,0.00,-539.31,6,9
-396.05,0.00,-539.52,6,10
-366.80,0.00,-539.73,6,11
-337.55,0.00,-539.95,6,12
-308.31,0.00,-540.16,6,13
-279.06,0.00,-540.37,6,14
-249.81,0.00,-540.58,6,15
-220.57,0.00,-540.80,6,16
-191.32,10.93,-541.01,6,17
-162.07,9.04,-541.22,6,18
-132.83,10.93,-541.44,6,19
-103.58,0.00,-541.65,6,20
-74.33,0.00,-541.86,6,21
-45.09,0.00,-542.07,6,22
-15.84,0.00,-542.29,6,23
13.41,0.00,-542.50,6,24
42.65,0.00,-542.71,6,25
71.90,0.00,-542.93,6,26
101.15,0.00,-543.14,6,27
130.39,0.00,-543.35,6,28
159.64,0.00,-543.57,6,29
188.89,0.00,-543.78,6,30
218.13,0.00,-543.99,6,31
247.38,0.00,-544.21,6,32
276.62,0.00,-544.42,6,33
305.87,0.00,-544.63,6,34
335.12,0.00,-544.84,6,35
364.36,0.00,-545.06,6,36
393.61,0.00,-545.27,6,37
422.86,0.00,-545.49,6,38
452.10,0.00,-545.70,6,39
481.35,0.00,-545.91,6,40
510.60,0.00,-546.13,6,41
539.84,0.00,-546.34,6,42
569.09,0.00,-546.55,6,43
598.34,0.00,-546.77,6,44
627.58,0.00,-546.98,6,45
656.83,0.00,-547.19,6,46
-688.29,0.00,-507.58,7,0
-659.05,0.00,-507.79,7,1
-629.80,0.00,-508.01,7,2
-600.56,0.00,-508.22,7,3
-571.31,0.00,-508.43,7,4
-542.06,0.00,-508.64,7,5
-512.82,0.00,-508.86,7,6
-483.57,0.00,-509.07,7,7
-454.32,0.00,-509.28,7,8
-425.08,0.00,-509.49,7,9
-395.83,0.00,-509.71,7,10
-366.58,0.00,-509.92,7,11
-337.34,0.00,-510.13,7,12
-308.09,0.00,-510.34,7,13
-278.84,0.00,-510.56,7,14
-249.60,0.00,-510.77,7,15
-220.35,0.00,-510.98,7,16
-191.10,13.43,-511.19,7,17
-161.86,13.94,-511.41,7,18
-132.61,13.07,-511.62,7,19
-103.36,0.00,-511.83,7,20
-74.12,0.00,-512.05,7,21
-44.87,0.00,-512.26,7,22
-15.62,0.00,-512.47,7,23
13.62,0.00,-512.68,7,24
42.87,0.00,-512.90,7,25
72.12,0.00,-513.11,7,26
101.36,0.00,-513.32,7,27
130.61,0.00,-513.54,7,28
159.86,0.00,-513.75,7,29
189.10,0.00,-513.96,7,30
218.35,0.00,-514.18,7,31
247.60,0.00,-514.39,7,32
276.84,0.00,-514.60,7,33
306.09,0.00,-514.82,7,34
335.34,0.00,-515.03,7,35
364.58,0.00,-515.24,7,36
393.83,0.00,-515.46,7,37
423.08,0.00,-515.67,7,38
452.32,0.00,-515.88,7,39
481.57,0.00,-516.10,7,40
510.82,0.00,-516.31,7,41
540.06,0.00,-516.52,7,42
569.31,0.00,-516.74,7,43
598.56,0.00,-516.95,7,44
627.80,0.00,-517.16,7,45
657.05,0.00,-517.38,7,46
-688.08,0.00,-477.76,8,0
-658.83,0.00,-477.98,8,1
-629.59,0.00,-478.19,8,2
-600.34,0.00,-478.40,8,3
-571.09,0.00,-478.61,8,4
-541.85,0.00,-478.83,8,5
-512.60,0.00,-479.04,8,6
-483.35,0.00,-479.25,8,7
-454.11,0.00,-479.46,8,8
-424.86,0.00,-479.68,8,9
-395.61,0.00,-479.89,8,10
-366.37,0.00,-480.10,8,11
-337.12,0.00,-480.31,8,12
-307.87,0.00,-480.53,8,13
-278.63,0.00,-480.74,8,14
-249.38,0.00,-480.95,8,15
-220.13,16.11,-481.16,8,16
-190.89,16.11,-481.38,8,17
-161.64,20.55,-481.59,8,18
-132.39,15.05,-481.80,8,19
-103.15,13.44,-482.02,8,20
-73.90,0.00,-482.23,8,21
-44.65,0.00,-482.44,8,22
-15.41,0.00,-482.65,8,23
13.84,0.00,-482.87,8,24
43.09,0.00,-483.08,8,25
72.33,0.00,-483.29,8,26
101.58,0.00,-483.51,8,27
130.83,0.00,-483.72,8,28
160.07,0.00,-483.93,8,29
189.32,0.00,-484.15,8,30
218.57,0.00,-484.36,8,31
247.81,0.00,-484.57,8,32
277.06,0.00,-484.79,8,33
306.31,0.00,-485.00,8,34
335.55,0.00,-485.21,8,35
364.80,0.00,-485.43,8,36
394.05,0.00,-485.64,8,37
423.29,0.00,-485.85,8,38
452.54,0.00,-486.07,8,39
481.79,0.00,-486.28,8,40
511.03,0.00,-486.49,8,41
540.28,0.00,-486.71,8,42
569.53,0.00,-486.92,8,43
598.77,0.00,-487.13,8,44
628.02,0.00,-487.35,8,45
657.27,0.00,-487.56,8,46
-687.86,0.00,-447.95,9,0
-658.62,0.00,-448.16,9,1
-629.37,0.00,-448.37,9,2
-600.12,0.00,-448.59,9,3
-570.88,0.00,-448.80,9,4
-541.63,0.00,-449.01,9,5
-512.38,0.00,-449.22,9,6
-483.14,0.00,-449.43,9,7
-453.89,0.00,-449.65,9,8
-424.64,0.00,-449.86,9,9
-395.40,0.00,-450.07,9,10
-366.15,0.00,-450.28,9,11
-336.90,0.00,-450.50,9,12
-307.66,0.00,-450.71,9,13
-278.41,0.00,-450.92,9,14
-249.16,0.00,-451.14,9,15
-219.92,19.82,-451.35,9,16
-190.67,22.71,-451.56,9,17
-161.42,24.77,-451.77,9,18
-132.18,21.04,-451.99,9,19
-102.93,15.05,-452.20,9,20
-73.68,11.25,-452.41,9,21
-44.44,0.00,-452.62,9,22
-15.19,0.00,-452.84,9,23
14.06,0.00,-453.05,9,24
43.30,0.00,-453.26,9,25
72.55,0.00,-453.48,9,26
101.80,0.00,-453.69,9,27
131.04,0.00,-453.90,9,28
160.29,0.00,-454.12,9,29
189.54,0.00,-454.33,9,30
218.78,0.00,-454.54,9,31
248.03,0.00,-454.76,9,32
277.28,0.00,-454.97,9,33
306.52,0.00,-455.18,9,34
335.77,0.00,-455.40,9,35
365.02,0.00,-455.61,9,36
394.26,0.00,-455.82,9,37
423.51,0.00,-456.04,9,38
452.76,0.00,-456.25,9,39
482.00,0.00,-456.46,9,40
511.25,0.00,-456.68,9,41
540.50,0.00,-456.89,9,42
569.74,0.00,-457.10,9,43
598.99,0.00,-457.32,9,44
628.24,0.00,-457.53,9,45
657.48,0.00,-457.74,9,46
-687.65,0.00,-418.13,10,0
-658.40,0.00,-418.34,10,1
-629.15,0.00,-418.56,10,2
-599.91,0.00,-418.77,10,3
-570.66,0.00,-418.98,10,4
-541.41,0.00,-419.19,10,5
-512.17,0.00,-419.41,10,6
-482.92,0.00,-419.62,10,7
-453.67,0.00,-419.83,10,8
-424.43,0.00,-420.04,10,9
-395.18,0.00,-420.26,10,10
-365.93,0.00,-420.47,10,11
-336.69,0.00,-420.68,10,12
-307.44,0.00,-420.89,10,13
-278.19,0.00,-421.11,10,14
-248.95,0.00,-421.32,10,15
-219.70,19.82,-421.53,10,16
-190.45,23.57,-421.74,10,17
-161.21,28.03,-421.96,10,18
-131.96,28.26,-422.17,10,19
-102.71,19.82,-422.38,10,20
-73.47,13.44,-422.60,10,21
-44.22,0.00,-422.81,10,22
-14.97,0.00,-423.02,10,23
14.27,0.00,-423.23,10,24
43.52,0.00,-423.45,10,25
72.77,0.00,-423.66,10,26
102.01,0.00,-423.87,10,27
131.26,0.00,-424.09,10,28
160.51,0.00,-424.30,10,29
189.75,0.00,-424.51,10,30
219.00,0.00,-424.73,10,31
248.25,0.00,-424.94,10,32
277.49,0.00,-425.15,10,33
306.74,0.00,-425.37,10,34
335.99,0.00,-425.58,10,35
365.23,0.00,-425.79,10,36
394.48,0.00,-426.01,10,37
423.73,0.00,-426.22,10,38
452.97,0.00,-426.43,10,39
482.22,0.00,-426.65,10,40
511.47,0.00,-426.86,10,41
540.72,0.00,-427.07,10,42
569.96,0.00,-427.29,10,43
599.21,0.00,-427.50,10,44
628.46,0.00,-427.71,10,45
657.70,0.00,-427.93,10,46
-687.43,0.00,-388.32,11,0
-658.18,0.00,-388.53,11,1
-628.94,0.00,-388.74,11,2
-599.69,0.00,-388.95,11,3
-570.44,0.00,-389.16,11,4
-541.20,0.00,-389.38,11,5
-511.95,0.00,-389.59,11,6
-482.70,0.00,-389.80,11,7
-453.46,0.00,-390.01,11,8
-424.21,0.00,-390.23,11,9
-394.96,0.00,-390.44,11,10
-365.72,0.00,-390.65,11,11
-336.47,0.00,-390.86,11,12
-307.22,0.00,-391.08,11,13
-277.98,0.00,-391.29,11,14
-248.73,0.00,-391.50,11,15
-219.48,16.26,-391.72,11,16
-190.24,19.83,-391.93,11,17
-160.99,25.07,-392.14,11,18
-131.74,26.94,-392.35,11,19
-102.50,22.18,-392.57,11,20
-73.25,19.83,-392.78,11,21
-44.00,11.25,-392.99,11,22
-14.76,0.00,-393.20,11,23
14.49,0.00,-393.42,11,24
43.74,0.00,-393.63,11,25
72.98,0.00,-393.84,11,26
102.23,0.00,-394.06,11,27
131.48,0.00,-394.27,11,28
160.72,0.00,-394.48,11,29
189.97,0.00,-394.70,11,30
219.22,0.00,-394.91,11,31
248.47,0.00,-395.12,11,32
277.71,0.00,-395.34,11,33
306.96,0.00,-395.55,11,34
336.21,0.00,-395.76,11,35
365.45,0.00,-395.98,11,36
394.70,0.00,-396.19,11,37
423.95,0.00,-396.40,11,38
453.19,0.00,-396.62,11,39
482.44,0.00,-396.83,11,40
511.69,0.00,-397.04,11,41
540.93,0.00,-397.26,11,42
570.18,0.00,-397.47,11,43
599.43,0.00,-397.68,11,44
628.67,0.00,-397.90,11,45
657.92,0.00,-398.11,11,46
-687.21,0.00,-358.50,12,0
-657.97,0.00,-358.71,12,1
-628.72,0.00,-358.92,12,2
-599.47,0.00,-359.14,12,3
-570.23,0.00,-359.35,12,4
-540.98,0.00,-359.56,12,5
-511.73,0.00,-359.77,12,6
-482.49,0.00,-359.99,12,7
-453.24,0.00,-360.20,12,8
-423.99,0.00,-360.41,12,9
-394.75,0.00,-360.62,12,10
-365.50,0.00,-360.84,12,11
-336.25,0.00,-361.05,12,12
-307.01,0.00,-361.26,12,13
-277.76,0.00,-361.47,12,14
-248.51,14.03,-361.69,12,15
-219.27,16.20,-361.90,12,16
-190.02,17.15,-362.11,12,17
-160.77,22.97,-362.32,12,18
-131.53,24.37,-362.54,12,19
-102.28,22.96,-362.75,12,20
-73.03,20.99,-362.96,12,21
-43.79,12.91,-363.18,12,22
-14.54,6.80,-363.39,12,23
14.71,0.00,-363.60,12,24
43.96,0.00,-363.81,12,25
73.20,0.00,-364.03,12,26
102.45,0.00,-364.24,12,27
131.70,0.00,-364.45,12,28
160.94,0.00,-364.67,12,29
190.19,0.00,-364.88,12,30
219.44,0.00,-365.09,12,31
248.68,0.00,-365.31,12,32
277.93,0.00,-365.52,12,33
307.18,0.00,-365.73,12,34
336.42,0.00,-365.95,12,35
365.67,0.00,-366.16,12,36
394.92,0.00,-366.37,12,37
424.16,0.00,-366.59,12,38
453.41,0.00,-366.80,12,39
482.66,0.00,-367.01,12,40
511.90,0.00,-367.23,12,41
541.15,0.00,-367.44,12,42
570.40,0.00,-367.65,12,43
599.64,0.00,-367.87,12,44
628.89,0.00,-368.08,12,45
658.14,0.00,-368.29,12,46
-687.00,0.00,-328.68,13,0
-657.75,0.00,-328.89,13,1
-628.50,0.00,-329.11,13,2
-599.26,0.00,-329.32,13,3
-570.01,0.00,-329.53,13,4
-540.76,0.00,-329.74,13,5
-511.52,0.00,-329.96,13,6
-482.27,0.00,-330.17,13,7
-453.02,0.00,-330.38,13,8
-423.78,0.00,-330.59,13,9
-394.53,0.00,-330.81,13,10
-365.28,0.00,-331.02,13,11
-336.04,0.00,-331.23,13,12
-306.79,0.00,-331.44,13,13
-277.54,0.00,-331.66,13,14
-248.30,13.96,-331.87,13,15
-219.05,14.04,-332.08,13,16
-189.80,16.27,-332.29,13,17
-160.56,21.57,-332.51,13,18
-131.31,24.88,-332.72,13,19
-102.06,25.43,-332.93,13,20
-72.82,24.94,-333.15,13,21
-43.57,12.90,-333.36,13,22
-14.32,11.25,-333.57,13,23
14.93,0.00,-333.78,13,24
44.17,0.00,-334.00,13,25
73.42,0.00,-334.21,13,26
102.67,0.00,-334.42,13,27
131.91,0.00,-334.64,13,28
161.16,0.00,-334.85,13,29
190.41,0.00,-335.06,13,30
219.65,0.00,-335.28,13,31
248.90,0.00,-335.49,13,32
278.15,0.00,-335.70,13,33
307.39,0.00,-335.92,13,34
336.64,0.00,-336.13,13,35
365.89,0.00,-336.34,13,36
395.13,0.00,-336.56,13,37
424.38,0.00,-336.77,13,38
453.63,0.00,-336.98,13,39
482.87,0.00,-337.20,13,40
512.12,0.00,-337.41,13,41
541.37,0.00,-337.62,13,42
570.62,0.00,-337.84,13,43
599.86,0.00,-338.05,13,44
629.11,0.00,-338.26,13,45
658.36,0.00,-338.48,13,46
-686.78,0.00,-298.87,14,0
-657.53,0.00,-299.08,14,1
-628.29,0.00,-299.29,14,2
-599.04,0.00,-299.50,14,3
-569.79,0.00,-299.72,14,4
-540.55,0.00,-299.93,14,5
-511.30,0.00,-300.14,14,6
-482.05,0.00,-300.35,14,7
-452.81,0.00,-300.56,14,8
-423.56,0.00,-300.78,14,9
-394.31,0.00,-300.99,14,10
-365.07,0.00,-301.20,14,11
-335.82,0.00,-301.42,14,12
-306.57,0.00,-301.63,14,13
-277.33,0.00,-301.84,14,14
-248.08,13.96,-302.05,14,15
-218.83,14.22,-302.27,14,16
-189.59,16.20,-302.48,14,17
-160.34,22.25,-302.69,14,18
-131.09,25.40,-302.90,14,19
-101.84,29.46,-303.12,14,20
-72.60,28.87,-303.33,14,21
-43.35,23.71,-303.54,14,22
-14.10,12.91,-303.76,14,23
15.14,9.51,-303.97,14,24
44.39,0.00,-304.18,14,25
73.64,0.00,-304.39,14,26
102.88,0.00,-304.61,14,27
132.13,0.00,-304.82,14,28
161.38,0.00,-305.03,14,29
190.62,0.00,-305.25,14,30
219.87,0.00,-305.46,14,31
249.12,0.00,-305.67,14,32
278.36,0.00,-305.89,14,33
307.61,0.00,-306.10,14,34
336.86,0.00,-306.31,14,35
366.10,0.00,-306.53,14,36
395.35,0.00,-306.74,14,37
424.60,0.00,-306.95,14,38
453.85,0.00,-307.17,14,39
483.09,0.00,-307.38,14,40
512.34,0.00,-307.59,14,41
541.59,0.00,-307.81,14,42
570.83,0.00,-308.02,14,43
600.08,0.00,-308.23,14,44
629.33,0.00,-308.45,14,45
658.57,0.00,-308.66,14,46
-686.56,0.00,-269.05,15,0
-657.32,0.00,-269.26,15,1
-628.07,0.00,-269.47,15,2
-598.82,0.00,-269.69,15,3
-569.58,0.00,-269.90,15,4
-540.33,0.00,-270.11,15,5
-511.08,0.00,-270.32,15,6
-481.84,0.00,-270.54,15,7
-452.59,0.00,-270.75,15,8
-423.34,0.00,-270.96,15,9
-394.10,0.00,-271.17,15,10
-364.85,0.00,-271.39,15,11
-335.60,0.00,-271.60,15,12
-306.36,0.00,-271.81,15,13
-277.11,13.65,-272.02,15,14
-247.86,14.21,-272.24,15,15
-218.62,14.22,-272.45,15,16
-189.37,19.19,-272.66,15,17
-160.12,25.25,-272.87,15,18
-130.87,28.67,-273.09,15,19
-101.63,32.01,-273.30,15,20
-72.38,32.58,-273.51,15,21
-43.13,31.06,-273.73,15,22
-13.89,17.41,-273.94,15,23
15.36,10.14,-274.15,15,24
44.61,0.00,-274.36,15,25
73.85,0.00,-274.58,15,26
103.10,0.00,-274.79,15,27
132.35,0.00,-275.00,15,28
161.59,0.00,-275.22,15,29
190.84,0.00,-275.43,15,30
220.09,0.00,-275.64,15,31
249.33,0.00,-275.86,15,32
278.58,0.00,-276.07,15,33
307.83,0.00,-276.28,15,34
337.08,0.00,-276.50,15,35
366.32,0.00,-276.71,15,36
395.57,0.00,-276.92,15,37
424.82,0.00,-277.14,15,38
454.06,0.00,-277.35,15,39
483.31,0.00,-277.56,15,40
512.56,0.00,-277.78,15,41
541.80,0.00,-277.99,15,42
571.05,0.00,-278.20,15,43
600.30,0.00,-278.42,15,44
629.54,0.00,-278.63,15,45
658.79,0.00,-278.84,15,46
-686.35,0.00,-239.23,16,0
-657.10,0.00,-239.45,16,1
-627.85,0.00,-239.66,16,2
-598.61,0.00,-239.87,16,3
-569.36,0.00,-240.08,16,4
-540.11,0.00,-240.29,16,5
-510.87,0.00,-240.51,16,6
-481.62,0.00,-240.72,16,7
-452.37,0.00,-240.93,16,8
-423.13,0.00,-241.14,16,9
-393.88,0.00,-241.36,16,10
-364.63,0.00,-241.57,16,11
-335.39,0.00,-241.78,16,12
-306.14,0.00,-241.99,16,13
-276.89,14.21,-242.21,16,14
-247.65,13.66,-242.42,16,15
-218.40,14.80,-242.63,16,16
-189.15,21.58,-242.85,16,17
-159.90,25.60,-243.06,16,18
-130.66,27.49,-243.27,16,19
-101.41,32.15,-243.48,16,20
-72.16,37.55,-243.70,16,21
-42.92,42.10,-243.91,16,22
-13.67,26.35,-244.12,16,23
15.58,17.41,-244.34,16,24
44.82,9.40,-244.55,16,25
74.07,0.00,-244.76,16,26
103.32,0.00,-244.97,16,27
132.56,0.00,-245.19,16,28
161.81,0.00,-245.40,16,29
191.06,0.00,-245.61,16,30
220.30,0.00,-245.83,16,31
249.55,0.00,-246.04,16,32
278.80,0.00,-246.25,16,33
308.05,0.00,-246.47,16,34
337.29,0.00,-246.68,16,35
366.54,0.00,-246.89,16,36
395.79,0.00,-247.11,16,37
425.03,0.00,-247.32,16,38
454.28,0.00,-247.53,16,39
483.53,0.00,-247.75,16,40
512.77,0.00,-247.96,16,41
542.02,0.00,-248.17,16,42
571.27,0.00,-248.39,16,43
600.52,0.00,-248.60,16,44
629.76,0.00,-248.81,16,45
659.01,0.00,-249.03,16,46
-686.13,0.00,-209.42,17,0
-656.88,0.00,-209.63,17,1
-627.64,0.00,-209.84,17,2
-598.39,0.00,-210.05,17,3
-569.14,0.00,-210.27,17,4
-539.90,0.00,-210.48,17,5
-510.65,0.00,-210.69,17,6
-481.40,0.00,-210.90,17,7
-452.16,0.00,-211.12,17,8
-422.91,0.00,-211.33,17,9
-393.66,0.00,-211.54,17,10
-364.42,0.00,-211.75,17,11
-335.17,0.00,-211.97,17,12
-305.92,0.00,-212.18,17,13
-276.68,14.80,-212.39,17,14
-247.43,15.52,-212.60,17,15
-218.18,18.45,-212.82,17,16
-188.93,21.44,-213.03,17,17
-159.69,25.92,-213.24,17,18
-130.44,31.38,-213.45,17,19
-101.19,31.69,-213.67,17,20
-71.95,39.43,-213.88,17,21
-42.70,46.77,-214.09,17,22
-13.45,33.18,-214.31,17,23
15.79,17.50,-214.52,17,24
45.04,10.14,-214.73,17,25
74.29,4.46,-214.94,17,26
103.53,0.00,-215.16,17,27
132.78,0.00,-215.37,17,28
162.03,0.00,-215.58,17,29
191.28,0.00,-215.80,17,30
220.52,0.00,-216.01,17,31
249.77,0.00,-216.22,17,32
279.02,0.00,-216.44,17,33
308.26,0.00,-216.65,17,34
337.51,0.00,-216.86,17,35
366.76,0.00,-217.08,17,36
396.00,0.00,-217.29,17,37
425.25,0.00,-217.50,17,38
454.50,0.00,-217.72,17,39
483.74,0.00,-217.93,17,40
512.99,0.00,-218.14,17,41
542.24,0.00,-218.36,17,42
571.49,0.00,-218.57,17,43
600.73,0.00,-218.78,17,44
629.98,0.00,-219.00,17,45
659.23,0.00,-219.21,17,46
-685.91,0.00,-179.60,18,0
-656.67,0.00,-179.81,18,1
-627.42,0.00,-180.03,18,2
-598.17,0.00,-180.24,18,3
-568.93,0.00,-180.45,18,4
-539.68,0.00,-180.66,18,5
-510.43,0.00,-180.87,18,6
-481.19,0.00,-181.09,18,7
-451.94,0.00,-181.30,18,8
-422.69,0.00,-181.51,18,9
-393.45,0.00,-181.72,18,10
-364.20,0.00,-181.94,18,11
-334.95,0.00,-182.15,18,12
-305.71,0.00,-182.36,18,13
-276.46,14.88,-182.57,18,14
-247.21,17.21,-182.79,18,15
-217.96,19.12,-183.00,18,16
-188.72,23.89,-183.21,18,17
-159.47,27.36,-183.43,18,18
-130.22,31.23,-183.64,18,19
-100.98,31.81,-183.85,18,20
-71.73,43.72,-184.06,18,21
-42.48,41.98,-184.28,18,22
-13.24,43.96,-184.49,18,23
16.01,26.75,-184.70,18,24
45.26,9.40,-184.92,18,25
74.50,5.15,-185.13,18,26
103.75,0.00,-185.34,18,27
133.00,0.00,-185.55,18,28
162.25,0.00,-185.77,18,29
191.49,0.00,-185.98,18,30
220.74,0.00,-186.19,18,31
249.99,0.00,-186.41,18,32
279.23,0.00,-186.62,18,33
308.48,0.00,-186.83,18,34
337.73,0.00,-187.05,18,35
366.97,0.00,-187.26,18,36
396.22,0.00,-187.47,18,37
425.47,0.00,-187.69,18,38
454.72,0.00,-187.90,18,39
483.96,0.00,-188.11,18,40
513.21,0.00,-188.33,18,41
542.46,0.00,-188.54,18,42
571.70,0.00,-188.75,18,43
600.95,0.00,-188.97,18,44
630.20,0.00,-189.18,18,45
659.44,0.00,-189.39,18,46
-685.70,0.00,-149.78,19,0
-656.45,0.00,-150.00,19,1
-627.20,0.00,-150.21,19,2
-597.96,0.00,-150.42,19,3
-568.71,0.00,-150.63,19,4
-539.46,0.00,-150.85,19,5
-510.22,0.00,-151.06,19,6
-480.97,0.00,-151.27,19,7
-451.72,0.00,-151.48,19,8
-422.48,0.00,-151.70,19,9
-393.23,0.00,-151.91,19,10
-363.98,0.00,-152.12,19,11
-334.74,0.00,-152.33,19,12
-305.49,13.38,-152.55,19,13
-276.24,15.52,-152.76,19,14
-246.99,16.93,-152.97,19,15
-217.75,20.48,-153.18,19,16
-188.50,24.18,-153.40,19,17
-159.25,27.57,-153.61,19,18
-130.01,27.55,-153.82,19,19
-100.76,31.02,-154.03,19,20
-71.51,42.01,-154.25,19,21
-42.27,50.27,-154.46,19,22
-13.02,50.68,-154.67,19,23
16.23,38.36,-154.89,19,24
45.47,20.14,-155.10,19,25
74.72,9.40,-155.31,19,26
103.97,3.45,-155.52,19,27
133.22,3.15,-155.74,19,28
162.46,2.94,-155.95,19,29
191.71,0.00,-156.16,19,30
220.96,0.00,-156.38,19,31
250.20,0.00,-156.59,19,32
279.45,0.00,-156.80,19,33
308.70,0.00,-157.02,19,34
337.94,0.00,-157.23,19,35
367.19,0.00,-157.44,19,36
396.44,0.00,-157.66,19,37
425.69,0.00,-157.87,19,38
454.93,0.00,-158.08,19,39
484.18,0.00,-158.30,19,40
513.43,0.00,-158.51,19,41
542.67,0.00,-158.72,19,42
571.92,0.00,-158.94,19,43
601.17,0.00,-159.15,19,44
630.42,0.00,-159.36,19,45
659.66,0.00,-159.58,19,46
-685.48,0.00,-119.97,20,0
-656.24,0.00,-120.18,20,1
-626.99,0.00,-120.39,20,2
-597.74,0.00,-120.60,20,3
-568.49,0.00,-120.82,20,4
-539.25,0.00,-121.03,20,5
-510.00,0.00,-121.24,20,6
-480.75,0.00,-121.45,20,7
-451.51,0.00,-121.67,20,8
-422.26,0.00,-121.88,20,9
-393.01,0.00,-122.09,20,10
-363.77,0.00,-122.30,20,11
-334.52,0.00,-122.52,20,12
-305.27,13.38,-122.73,20,13
-276.02,13.20,-122.94,20,14
-246.78,16.61,-123.15,20,15
-217.53,19.92,-123.37,20,16
-188.28,25.36,-123.58,20,17
-159.04,27.71,-123.79,20,18
-129.79,29.19,-124.00,20,19
-100.54,32.50,-124.22,20,20
-71.30,41.51,-124.43,20,21
-42.05,49.82,-124.64,20,22
-12.80,50.86,-124.86,20,23
16.44,47.31,-125.07,20,24
45.69,32.15,-125.28,20,25
74.94,17.32,-125.49,20,26
104.19,2.70,-125.71,20,27
133.43,2.67,-125.92,20,28
162.68,3.23,-126.13,20,29
191.93,3.22,-126.35,20,30
221.17,3.27,-126.56,20,31
250.42,3.27,-126.77,20,32
279.67,0.00,-126.99,20,33
308.92,0.00,-127.20,20,34
338.16,0.00,-127.41,20,35
367.41,0.00,-127.63,20,36
396.66,0.00,-127.84,20,37
425.90,0.00,-128.05,20,38
455.15,0.00,-128.27,20,39
484.40,0.00,-128.48,20,40
513.64,0.00,-128.69,20,41
542.89,0.00,-128.91,20,42
572.14,0.00,-129.12,20,43
601.39,0.00,-129.33,20,44
630.63,0.00,-129.55,20,45
659.88,0.00,-129.76,20,46
-685.27,0.00,-90.15,21,0
-656.02,0.00,-90.36,21,1
-626.77,0.00,-90.58,21,2
-597.53,0.00,-90.79,21,3
-568.28,0.00,-91.00,21,4
-539.03,0.00,-91.21,21,5
-509.78,0.00,-91.43,21,6
-480.54,0.00,-91.64,21,7
-451.29,0.00,-91.85,21,8
-422.04,0.00,-92.06,21,9
-392.80,0.00,-92.27,21,10
-363.55,0.00,-92.49,21,11
-334.30,10.68,-92.70,21,12
-305.06,13.19,-92.91,21,13
-275.81,13.38,-93.12,21,14
-246.56,16.80,-93.34,21,15
-217.31,20.91,-93.55,21,16
-188.07,25.37,-93.76,21,17
-158.82,29.51,-93.98,21,18
-129.57,30.65,-94.19,21,19
-100.33,34.17,-94.40,21,20
-71.08,40.69,-94.61,21,21
-41.83,48.28,-94.83,21,22
-12.59,57.16,-95.04,21,23
16.66,54.00,-95.25,21,24
45.91,43.68,-95.47,21,25
75.16,29.99,-95.68,21,26
104.40,15.44,-95.89,21,27
133.65,3.12,-96.10,21,28
162.90,3.69,-96.32,21,29
192.14,3.41,-96.53,21,30
221.39,2.27,-96.74,21,31
250.64,3.41,-96.96,21,32
279.89,3.37,-97.17,21,33
309.13,3.42,-97.38,21,34
338.38,3.42,-97.60,21,35
367.63,3.42,-97.81,21,36
396.87,3.44,-98.02,21,37
426.12,3.44,-98.24,21,38
455.37,0.00,-98.45,21,39
484.62,0.00,-98.66,21,40
513.86,0.00,-98.88,21,41
543.11,0.00,-99.09,21,42
572.36,0.00,-99.30,21,43
601.60,0.00,-99.52,21,44
630.85,0.00,-99.73,21,45
660.10,0.00,-99.94,21,46
-685.05,0.00,-60.34,22,0
-655.80,0.00,-60.55,22,1
-626.56,0.00,-60.76,22,2
-597.31,0.00,-60.97,22,3
-568.06,0.00,-61.18,22,4
-538.81,0.00,-61.40,22,5
-509.57,0.00,-61.61,22,6
-480.32,0.00,-61.82,22,7
-451.07,0.00,-62.03,22,8
-421.83,0.00,-62.25,22,9
-392.58,0.00,-62.46,22,10
-363.33,0.00,-62.67,22,11
-334.09,11.43,-62.88,22,12
-304.84,12.36,-63.10,22,13
-275.59,16.20,-63.31,22,14
-246.34,20.26,-63.52,22,15
-217.10,25.40,-63.73,22,16
-187.85,28.20,-63.95,22,17
-158.60,29.80,-64.16,22,18
-129.36,30.87,-64.37,22,19
-100.11,34.68,-64.58,22,20
-70.86,39.30,-64.80,22,21
-41.62,43.29,-65.01,22,22
-12.37,50.34,-65.22,22,23
16.88,44.53,-65.44,22,24
46.13,41.86,-65.65,22,25
75.37,34.82,-65.86,22,26
104.62,24.91,-66.07,22,27
133.87,5.53,-66.29,22,28
163.11,3.33,-66.50,22,29
192.36,3.92,-66.71,22,30
221.61,3.48,-66.93,22,31
250.86,3.45,-67.14,22,32
280.10,3.28,-67.35,22,33
309.35,3.28,-67.57,22,34
338.60,3.18,-67.78,22,35
367.84,3.45,-67.99,22,36
397.09,3.53,-68.21,22,37
426.34,3.53,-68.42,22,38
455.59,0.00,-68.63,22,39
484.83,0.00,-68.85,22,40
514.08,0.00,-69.06,22,41
543.33,0.00,-69.27,22,42
572.57,0.00,-69.49,22,43
601.82,0.00,-69.70,22,44
631.07,6.59,-69.91,22,45
660.32,6.88,-70.13,22,46
-684.83,0.00,-30.52,23,0
-655.59,0.00,-30.73,23,1
-626.34,0.00,-30.94,23,2
-597.09,0.00,-31.16,23,3
-567.85,0.00,-31.37,23,4
-538.60,0.00,-31.58,23,5
-509.35,17.36,-31.79,23,6
-480.10,0.00,-32.00,23,7
-450.86,17.36,-32.22,23,8
-421.61,13.85,-32.43,23,9
-392.36,9.88,-32.64,23,10
-363.12,11.43,-32.85,23,11
-333.87,12.36,-33.07,23,12
-304.62,15.47,-33.28,23,13
-275.37,20.39,-33.49,23,14
-246.13,25.45,-33.70,23,15
-216.88,29.46,-33.92,23,16
-187.63,33.68,-34.13,23,17
-158.39,35.66,-34.34,23,18
-129.14,37.66,-34.56,23,19
-99.89,39.01,-34.77,23,20
-70.65,39.07,-34.98,23,21
-41.40,40.80,-35.19,23,22
-12.15,45.04,-35.41,23,23
17.10,47.59,-35.62,23,24
46.34,41.65,-35.83,23,25
75.59,39.79,-36.05,23,26
104.84,31.12,-36.26,23,27
134.08,16.84,-36.47,23,28
163.33,4.41,-36.68,23,29
192.58,3.53,-36.90,23,30
221.83,4.33,-37.11,23,31
251.07,4.09,-37.32,23,32
280.32,3.49,-37.54,23,33
309.57,3.48,-37.75,23,34
338.81,3.89,-37.96,23,35
368.06,3.42,-38.18,23,36
397.31,3.71,-38.39,23,37
426.56,3.71,-38.60,23,38
455.80,3.73,-38.82,23,39
485.05,4.36,-39.03,23,40
514.30,0.00,-39.24,23,41
543.54,5.70,-39.46,23,42
572.79,5.90,-39.67,23,43
602.04,6.35,-39.88,23,44
631.29,6.72,-40.10,23,45
660.53,6.41,-40.31,23,46
-684.62,0.00,-0.70,24,0
-655.37,0.00,-0.91,24,1
-626.12,0.00,-1.13,24,2
-596.88,0.00,-1.34,24,3
-567.63,17.36,-1.55,24,4
-538.38,17.36,-1.76,24,5
-509.13,17.37,-1.98,24,6
-479.89,17.37,-2.19,24,7
-450.64,17.59,-2.40,24,8
-421.39,13.84,-2.61,24,9
-392.15,8.29,-2.83,24,10
-362.90,6.07,-3.04,24,11
-333.65,11.82,-3.25,24,12
-304.41,19.70,-3.46,24,13
-275.16,23.94,-3.68,24,14
-245.91,29.92,-3.89,24,15
-216.66,34.23,-4.10,24,16
-187.42,36.79,-4.31,24,17
-158.17,38.48,-4.53,24,18
-128.92,38.74,-4.74,24,19
-99.68,40.58,-4.95,24,20
-70.43,41.77,-5.16,24,21
-41.18,41.26,-5.38,24,22
-11.93,41.70,-5.59,24,23
17.31,43.94,-5.80,24,24
46.56,48.99,-6.02,24,25
75.81,40.64,-6.23,24,26
105.05,38.37,-6.44,24,27
134.30,32.86,-6.65,24,28
163.55,20.11,-6.87,24,29
192.80,5.49,-7.08,24,30
222.04,4.73,-7.29,24,31
251.29,4.65,-7.51,24,32
280.54,4.74,-7.72,24,33
309.78,4.27,-7.93,24,34
339.03,3.94,-8.15,24,35
368.28,3.95,-8.36,24,36
397.53,3.53,-8.57,24,37
426.77,3.53,-8.79,24,38
456.02,3.73,-9.00,24,39
485.27,4.79,-9.21,24,40
514.52,5.25,-9.43,24,41
543.76,5.70,-9.64,24,42
573.01,5.90,-9.85,24,43
602.26,6.59,-10.07,24,44
631.50,6.72,-10.28,24,45
660.75,7.01,-10.49,24,46
-684.40,0.00,29.11,25,0
-655.15,0.00,28.90,25,1
-625.91,0.00,28.69,25,2
-596.66,0.00,28.48,25,3
-567.41,17.36,28.27,25,4
-538.17,17.36,28.05,25,5
-508.92,17.93,27.84,25,6
-479.67,17.37,27.63,25,7
-450.42,17.93,27.42,25,8
-421.18,17.60,27.20,25,9
-391.93,17.69,26.99,25,10
-362.68,17.92,26.78,25,11
-333.44,21.95,26.57,25,12
-304.19,23.09,26.35,25,13
-274.94,27.53,26.14,25,14
-245.69,32.75,25.93,25,15
-216.45,36.47,25.72,25,16
-187.20,39.83,25.50,25,17
-157.95,41.09,25.29,25,18
-128.71,42.07,25.08,25,19
-99.46,40.23,24.86,25,20
-70.21,40.67,24.65,25,21
-40.96,41.12,24.44,25,22
-11.72,41.81,24.23,25,23
17.53,42.29,24.01,25,24
46.78,45.09,23.80,25,25
76.02,48.89,23.59,25,26
105.27,45.71,23.37,25,27
134.52,41.54,23.16,25,28
163.77,31.74,22.95,25,29
193.01,26.06,22.74,25,30
222.26,21.58,22.52,25,31
251.51,15.78,22.31,25,32
280.75,4.82,22.10,25,33
310.00,4.99,21.88,25,34
339.25,4.55,21.67,25,35
368.50,4.35,21.46,25,36
397.74,3.80,21.24,25,37
426.99,3.80,21.03,25,38
456.24,4.36,20.82,25,39
485.49,4.99,20.60,25,40
514.73,5.23,20.39,25,41
543.98,5.87,20.18,25,42
573.23,6.36,19.96,25,43
602.47,6.57,19.75,25,44
631.72,7.03,19.54,25,45
660.97,6.91,19.32,25,46
-684.18,0.00,58.93,26,0
-654.94,0.00,58.72,26,1
-625.69,0.00,58.51,26,2
-596.44,0.00,58.29,26,3
-567.20,0.00,58.08,26,4
-537.95,0.00,57.87,26,5
-508.70,18.34,57.66,26,6
-479.45,20.69,57.44,26,7
-450.21,21.50,57.23,26,8
-420.96,23.36,57.02,26,9
-391.71,24.19,56.81,26,10
-362.47,20.85,56.60,26,11
-333.22,25.28,56.38,26,12
-303.97,27.10,56.17,26,13
-274.72,28.84,55.96,26,14
-245.48,32.67,55.74,26,15
-216.23,37.16,55.53,26,16
-186.98,36.84,55.32,26,17
-157.74,38.92,55.11,26,18
-128.49,40.04,54.89,26,19
-99.24,37.99,54.68,26,20
-69.99,39.95,54.47,26,21
-40.75,41.33,54.26,26,22
-11.50,42.41,54.04,26,23
17.75,42.44,53.83,26,24
46.99,43.71,53.62,26,25
76.24,47.83,53.40,26,26
105.49,48.32,53.19,26,27
134.74,48.86,52.98,26,28
163.98,44.62,52.77,26,29
193.23,40.37,52.55,26,30
222.48,35.08,52.34,26,31
251.72,22.27,52.13,26,32
280.97,13.65,51.91,26,33
310.22,5.40,51.70,26,34
339.47,5.43,51.49,26,35
368.71,4.95,51.27,26,36
397.96,4.80,51.06,26,37
427.21,4.80,50.85,26,38
456.46,4.29,50.63,26,39
485.70,5.14,50.42,26,40
514.95,5.35,50.21,26,41
544.20,5.82,49.99,26,42
573.44,6.88,49.78,26,43
602.69,7.26,49.57,26,44
631.94,7.94,49.35,26,45
661.19,7.58,49.14,26,46
-683.97,0.00,88.75,27,0
-654.72,0.00,88.53,27,1
-625.47,0.00,88.32,27,2
-596.23,0.00,88.11,27,3
-566.98,0.00,87.90,27,4
-537.73,0.00,87.69,27,5
-508.49,18.74,87.47,27,6
-479.24,21.55,87.26,27,7
-449.99,21.78,87.05,27,8
-420.74,25.03,86.84,27,9
-391.50,25.85,86.62,27,10
-362.25,25.47,86.41,27,11
-333.00,26.26,86.20,27,12
-303.76,26.83,85.99,27,13
-274.51,26.51,85.77,27,14
-245.26,29.40,85.56,27,15
-216.01,33.12,85.35,27,16
-186.77,33.68,85.14,27,17
-157.52,34.33,84.92,27,18
-128.27,35.73,84.71,27,19
-99.02,39.43,84.50,27,20
-69.78,41.03,84.29,27,21
-40.53,41.81,84.07,27,22
-11.28,42.74,83.86,27,23
17.96,42.57,83.65,27,24
47.21,44.31,83.43,27,25
76.46,47.73,83.22,27,26
105.71,48.46,83.01,27,27
134.95,53.53,82.79,27,28
164.20,51.31,82.58,27,29
193.45,45.05,82.37,27,30
222.69,40.26,82.16,27,31
251.94,29.58,81.94,27,32
281.19,22.12,81.73,27,33
310.44,11.89,81.52,27,34
339.68,10.65,81.30,27,35
368.93,5.64,81.09,27,36
398.18,5.10,80.88,27,37
427.43,5.10,80.66,27,38
456.67,4.86,80.45,27,39
485.92,4.72,80.24,27,40
515.17,5.31,80.02,27,41
544.42,5.17,79.81,27,42
573.66,7.04,79.60,27,43
602.91,7.31,79.38,27,44
632.16,8.69,79.17,27,45
661.40,8.22,78.96,27,46
-683.75,0.00,118.56,28,0
-654.50,0.00,118.35,28,1
-625.26,0.00,118.14,28,2
-596.01,0.00,117.93,28,3
-566.76,0.00,117.71,28,4
-537.52,0.00,117.50,28,5
-508.27,18.74,117.29,28,6
-479.02,19.09,117.08,28,7
-449.77,22.73,116.87,28,8
-420.53,26.09,116.65,28,9
-391.28,26.60,116.44,28,10
-362.03,25.63,116.23,28,11
-332.79,26.97,116.02,28,12
-303.54,26.53,115.80,28,13
-274.29,27.08,115.59,28,14
-245.04,28.67,115.38,28,15
-215.80,31.14,115.17,28,16
-186.55,32.54,114.95,28,17
-157.30,34.54,114.74,28,18
-128.05,35.17,114.53,28,19
-98.81,37.95,114.31,28,20
-69.56,40.30,114.10,28,21
-40.31,41.75,113.89,28,22
-11.07,42.02,113.68,28,23
18.18,43.56,113.46,28,24
47.43,48.30,113.25,28,25
76.68,49.29,113.04,28,26
105.92,54.72,112.82,28,27
135.17,52.56,112.61,28,28
164.42,54.51,112.40,28,29
193.66,49.62,112.19,28,30
222.91,45.89,111.97,28,31
252.16,37.48,111.76,28,32
281.41,30.66,111.55,28,33
310.65,22.67,111.33,28,34
339.90,13.25,111.12,28,35
369.15,7.06,110.91,28,36
398.40,4.65,110.69,28,37
427.64,4.65,110.48,28,38
456.89,4.71,110.27,28,39
486.14,5.04,110.05,28,40
515.39,5.00,109.84,28,41
544.63,5.38,109.63,28,42
573.88,6.67,109.41,28,43
603.13,7.63,109.20,28,44
632.37,6.88,108.99,28,45
661.62,7.84,108.77,28,46
-683.54,0.00,148.38,29,0
-654.29,0.00,148.17,29,1
-625.04,0.00,147.96,29,2
-595.79,0.00,147.74,29,3
-566.55,0.00,147.53,29,4
-537.30,0.00,147.32,29,5
-508.05,18.74,147.11,29,6
-478.81,19.09,146.89,29,7
-449.56,22.73,146.68,29,8
-420.31,26.09,146.47,29,9
-391.06,26.60,146.26,29,10
-361.82,25.63,146.04,29,11
-332.57,26.97,145.83,29,12
-303.32,26.53,145.62,29,13
-274.07,27.08,145.41,29,14
-244.83,28.67,145.19,29,15
-215.58,31.14,144.98,29,16
-186.33,32.54,144.77,29,17
-157.09,34.54,144.56,29,18
-127.84,35.17,144.34,29,19
-98.59,37.95,144.13,29,20
-69.34,40.30,143.92,29,21
-40.10,41.75,143.71,29,22
-10.85,42.02,143.49,29,23
18.40,43.56,143.28,29,24
47.65,48.30,143.07,29,25
76.89,49.29,142.85,29,26
106.14,54.72,142.64,29,27
135.39,52.56,142.43,29,28
164.63,54.51,142.21,29,29
193.88,49.62,142.00,29,30
223.13,45.89,141.79,29,31
252.38,37.48,141.58,29,32
281.62,30.66,141.36,29,33
310.87,22.67,141.15,29,34
340.12,13.25,140.94,29,35
369.37,7.06,140.72,29,36
398.61,4.65,140.51,29,37
427.86,4.65,140.30,29,38
457.11,4.71,140.08,29,39
486.36,5.04,139.87,29,40
515.60,5.00,139.66,29,41
544.85,5.38,139.44,29,42
574.10,6.67,139.23,29,43
603.35,7.63,139.02,29,44
632.59,6.88,138.80,29,45
661.84,7.84,138.59,29,46
-683.32,0.00,178.20,30,0
-654.07,0.00,177.98,30,1
-624.82,0.00,177.77,30,2
-595.58,0.00,177.56,30,3
-566.33,0.00,177.35,30,4
-537.08,0.00,177.14,30,5
-507.84,17.25,176.92,30,6
-478.59,18.75,176.71,30,7
-449.34,21.62,176.50,30,8
-420.09,26.78,176.29,30,9
-390.85,26.15,176.07,30,10
-361.60,26.64,175.86,30,11
-332.35,27.28,175.65,30,12
-303.10,27.13,175.44,30,13
-273.86,27.78,175.22,30,14
-244.61,28.49,175.01,30,15
-215.36,29.37,174.80,30,16
-186.12,30.49,174.59,30,17
-156.87,33.22,174.37,30,18
-127.62,33.92,174.16,30,19
-98.37,36.03,173.95,30,20
-69.13,38.09,173.73,30,21
-39.88,39.79,173.52,30,22
-10.63,42.42,173.31,30,23
18.62,46.13,173.10,30,24
47.86,54.03,172.88,30,25
77.11,49.93,172.67,30,26
106.36,54.70,172.46,30,27
135.60,54.73,172.24,30,28
164.85,55.46,172.03,30,29
194.10,56.63,171.82,30,30
223.35,53.96,171.61,30,31
252.59,46.66,171.39,30,32
281.84,39.62,171.18,30,33
311.09,30.31,170.97,30,34
340.34,23.50,170.75,30,35
369.58,9.33,170.54,30,36
398.83,4.86,170.33,30,37
428.08,4.86,170.11,30,38
457.33,5.05,169.90,30,39
486.57,4.86,169.69,30,40
515.82,4.97,169.47,30,41
545.07,5.42,169.26,30,42
574.32,6.84,169.05,30,43
603.56,7.34,168.83,30,44
632.81,6.88,168.62,30,45
662.06,7.72,168.41,30,46
-683.10,0.00,208.01,31,0
-653.86,0.00,207.80,31,1
-624.61,0.00,207.59,31,2
-595.36,0.00,207.38,31,3
-566.11,0.00,207.16,31,4
-536.87,0.00,206.95,31,5
-507.62,16.73,206.74,31,6
-478.37,16.84,206.53,31,7
-449.12,22.53,206.31,31,8
-419.88,27.24,206.10,31,9
-390.63,27.64,205.89,31,10
-361.38,26.86,205.68,31,11
-332.14,27.20,205.46,31,12
-302.89,27.92,205.25,31,13
-273.64,28.46,205.04,31,14
-244.39,29.75,204.83,31,15
-215.15,30.45,204.61,31,16
-185.90,31.51,204.40,31,17
-156.65,31.43,204.19,31,18
-127.40,32.73,203.98,31,19
-98.16,35.82,203.76,31,20
-68.91,36.00,203.55,31,21
-39.66,37.42,203.34,31,22
-10.41,41.35,203.13,31,23
18.83,43.82,202.91,31,24
48.08,48.25,202.70,31,25
77.33,52.46,202.49,31,26
106.57,54.99,202.27,31,27
135.82,56.07,202.06,31,28
165.07,60.19,201.85,31,29
194.32,65.75,201.63,31,30
223.56,64.93,201.42,31,31
252.81,55.11,201.21,31,32
282.06,50.30,201.00,31,33
311.31,39.98,200.78,31,34
340.55,30.18,200.57,31,35
369.80,21.77,200.36,31,36
399.05,6.75,200.14,31,37
428.30,6.75,199.93,31,38
457.54,4.97,199.72,31,39
486.79,5.33,199.50,31,40
516.04,5.05,199.29,31,41
545.29,5.21,199.08,31,42
574.53,6.07,198.86,31,43
603.78,6.97,198.65,31,44
633.03,7.20,198.44,31,45
662.28,6.94,198.22,31,46
-682.89,0.00,237.83,32,0
-653.64,0.00,237.62,32,1
-624.39,0.00,237.40,32,2
-595.14,0.00,237.19,32,3
-565.90,0.00,236.98,32,4
-536.65,0.00,236.77,32,5
-507.40,16.49,236.56,32,6
-478.16,16.45,236.34,32,7
-448.91,21.40,236.13,32,8
-419.66,27.15,235.92,32,9
-390.41,26.98,235.71,32,10
-361.17,27.53,235.49,32,11
-331.92,27.75,235.28,32,12
-302.67,28.91,235.07,32,13
-273.42,29.60,234.86,32,14
-244.18,30.45,234.64,32,15
-214.93,32.28,234.43,32,16
-185.68,31.97,234.22,32,17
-156.43,33.16,234.01,32,18
-127.19,33.76,233.79,32,19
-97.94,36.10,233.58,32,20
-68.69,36.82,233.37,32,21
-39.45,37.86,233.15,32,22
-10.20,41.48,232.94,32,23
19.05,44.48,232.73,32,24
48.30,46.92,232.52,32,25
77.54,47.83,232.30,32,26
106.79,54.29,232.09,32,27
136.04,57.56,231.88,32,28
165.29,67.35,231.66,32,29
194.53,75.62,231.45,32,30
223.78,75.44,231.24,32,31
253.03,66.21,231.03,32,32
282.28,56.40,230.81,32,33
311.52,47.06,230.60,32,34
340.77,38.21,230.39,32,35
370.02,29.75,230.17,32,36
399.27,15.25,229.96,32,37
428.51,15.25,229.75,32,38
457.76,5.27,229.53,32,39
487.01,5.28,229.32,32,40
516.26,5.28,229.11,32,41
545.50,5.30,228.89,32,42
574.75,5.98,228.68,32,43
604.00,6.88,228.47,32,44
633.25,7.07,228.25,32,45
662.49,6.92,228.04,32,46
-682.67,0.00,267.65,33,0
-653.42,0.00,267.43,33,1
-624.18,0.00,267.22,33,2
-594.93,0.00,267.01,33,3
-565.68,0.00,266.80,33,4
-536.43,0.00,266.58,33,5
-507.19,16.45,266.37,33,6
-477.94,16.50,266.16,33,7
-448.69,20.62,265.95,33,8
-419.44,25.73,265.74,33,9
-390.20,26.74,265.52,33,10
-360.95,27.80,265.31,33,11
-331.70,29.00,265.10,33,12
-302.45,29.83,264.89,33,13
-273.21,31.26,264.67,33,14
-243.96,32.17,264.46,33,15
-214.71,36.10,264.25,33,16
-185.47,34.76,264.03,33,17
-156.22,36.12,263.82,33,18
-126.97,36.26,263.61,33,19
-97.72,36.48,263.40,33,20
-68.48,37.66,263.18,33,21
-39.23,40.11,262.97,33,22
-9.98,41.16,262.76,33,23
19.27,44.41,262.55,33,24
48.51,46.47,262.33,33,25
77.76,46.93,262.12,33,26
107.01,52.93,261.91,33,27
136.26,62.95,261.69,33,28
165.50,74.93,261.48,33,29
194.75,75.77,261.27,33,30
224.00,76.49,261.05,33,31
253.25,75.46,260.84,33,32
282.49,66.52,260.63,33,33
311.74,54.52,260.42,33,34
340.99,45.02,260.20,33,35
370.24,34.28,259.99,33,36
399.48,23.61,259.78,33,37
428.73,23.61,259.56,33,38
457.98,10.20,259.35,33,39
487.23,5.68,259.14,33,40
516.47,5.36,258.92,33,41
545.72,5.75,258.71,33,42
574.97,6.35,258.50,33,43
604.22,6.79,258.28,33,44
633.46,7.07,258.07,33,45
662.71,6.92,257.86,33,46
-682.45,0.00,297.46,34,0
-653.21,0.00,297.25,34,1
-623.96,0.00,297.04,34,2
-594.71,0.00,296.83,34,3
-565.46,0.00,296.61,34,4
-536.22,0.00,296.40,34,5
-506.97,16.45,296.19,34,6
-477.72,16.92,295.98,34,7
-448.48,19.96,295.76,34,8
-419.23,25.99,295.55,34,9
-389.98,28.97,295.34,34,10
-360.73,29.35,295.13,34,11
-331.49,29.56,294.91,34,12
-302.24,29.57,294.70,34,13
-272.99,31.70,294.49,34,14
-243.74,33.33,294.28,34,15
-214.50,34.59,294.06,34,16
-185.25,35.35,293.85,34,17
-156.00,37.23,293.64,34,18
-126.75,37.58,293.43,34,19
-97.51,38.01,293.21,34,20
-68.26,38.25,293.00,34,21
-39.01,39.79,292.79,34,22
-9.76,41.89,292.57,34,23
19.48,42.75,292.36,34,24
48.73,45.94,292.15,34,25
77.98,46.94,291.94,34,26
107.23,53.17,291.72,34,27
136.47,64.21,291.51,34,28
165.72,75.24,291.30,34,29
194.97,82.30,291.08,34,30
224.22,84.78,290.87,34,31
253.46,82.90,290.66,34,32
282.71,74.03,290.45,34,33
311.96,62.07,290.23,34,34
341.21,52.20,290.02,34,35
370.45,40.20,289.81,34,36
399.70,29.98,289.59,34,37
428.95,29.98,289.38,34,38
458.20,19.17,289.17,34,39
487.44,6.95,288.95,34,40
516.69,6.27,288.74,34,41
545.94,6.38,288.53,34,42
575.19,6.77,288.31,34,43
604.43,6.95,288.10,34,44
633.68,7.14,287.89,34,45
662.93,6.97,287.67,34,46
-682.24,0.00,327.28,35,0
-652.99,0.00,327.07,35,1
-623.74,0.00,326.85,35,2
-594.50,0.00,326.64,35,3
-565.25,0.00,326.43,35,4
-536.00,0.00,326.22,35,5
-506.75,16.91,326.01,35,6
-477.51,16.15,325.79,35,7
-448.26,20.26,325.58,35,8
-419.01,27.25,325.37,35,9
-389.76,27.88,325.16,35,10
-360.52,27.98,324.94,35,11
-331.27,28.60,324.73,35,12
-302.02,29.64,324.52,35,13
-272.77,32.33,324.31,35,14
-243.53,34.54,324.09,35,15
-214.28,35.64,323.88,35,16
-185.03,36.39,323.67,35,17
-155.78,35.89,323.46,35,18
-126.54,36.41,323.24,35,19
-97.29,38.78,323.03,35,20
-68.04,38.15,322.82,35,21
-38.79,40.02,322.60,35,22
-9.55,41.20,322.39,35,23
19.70,43.27,322.18,35,24
48.95,45.23,321.97,35,25
78.20,48.10,321.75,35,26
107.44,52.40,321.54,35,27
136.69,63.43,321.33,35,28
165.94,72.22,321.11,35,29
195.19,85.17,320.90,35,30
224.43,86.74,320.69,35,31
253.68,84.55,320.47,35,32
282.93,79.98,320.26,35,33
312.18,68.22,320.05,35,34
341.42,57.62,319.84,35,35
370.67,47.53,319.62,35,36
399.92,36.72,319.41,35,37
429.17,36.72,319.20,35,38
458.41,26.31,318.98,35,39
487.66,16.12,318.77,35,40
516.91,6.73,318.56,35,41
546.16,7.01,318.34,35,42
575.40,7.13,318.13,35,43
604.65,7.06,317.92,35,44
633.90,7.11,317.70,35,45
663.15,7.13,317.49,35,46
-682.02,0.00,357.09,36,0
-652.77,0.00,356.88,36,1
-623.53,0.00,356.67,36,2
-594.28,0.00,356.46,36,3
-565.03,0.00,356.25,36,4
-535.78,0.00,356.03,36,5
-506.54,19.27,355.82,36,6
-477.29,20.26,355.61,36,7
-448.04,23.42,355.40,36,8
-418.79,27.20,355.18,36,9
-389.55,27.85,354.97,36,10
-360.30,28.77,354.76,36,11
-331.05,29.43,354.55,36,12
-301.81,32.17,354.33,36,13
-272.56,32.25,354.12,36,14
-243.31,34.97,353.91,36,15
-214.06,34.42,353.70,36,16
-184.82,35.16,353.48,36,17
-155.57,36.52,353.27,36,18
-126.32,37.73,353.06,36,19
-97.07,37.86,352.85,36,20
-67.83,38.93,352.63,36,21
-38.58,41.46,352.42,36,22
-9.33,42.68,352.21,36,23
19.92,44.48,352.00,36,24
49.16,44.07,351.78,36,25
78.41,47.99,351.57,36,26
107.66,48.84,351.36,36,27
136.91,60.03,351.14,36,28
166.16,71.05,350.93,36,29
195.40,85.32,350.72,36,30
224.65,87.38,350.50,36,31
253.90,86.53,350.29,36,32
283.15,84.26,350.08,36,33
312.39,73.51,349.87,36,34
341.64,64.57,349.65,36,35
370.89,52.21,349.44,36,36
400.14,38.36,349.23,36,37
429.38,38.36,349.01,36,38
458.63,29.59,348.80,36,39
487.88,21.53,348.59,36,40
517.13,12.34,348.37,36,41
546.37,7.17,348.16,36,42
575.62,7.97,347.95,36,43
604.87,7.46,347.73,36,44
634.12,7.26,347.52,36,45
663.36,7.40,347.30,36,46
-681.81,0.00,386.91,37,0
-652.56,0.00,386.70,37,1
-623.31,0.00,386.49,37,2
-594.06,0.00,386.27,37,3
-564.82,0.00,386.06,37,4
-535.57,0.00,385.85,37,5
-506.32,0.00,385.64,37,6
-477.07,22.13,385.43,37,7
-447.83,24.78,385.21,37,8
-418.58,27.29,385.00,37,9
-389.33,28.05,384.79,37,10
-360.08,28.30,384.58,37,11
-330.84,31.22,384.36,37,12
-301.59,30.06,384.15,37,13
-272.34,32.65,383.94,37,14
-243.09,32.56,383.73,37,15
-213.85,32.81,383.51,37,16
-184.60,34.97,383.30,37,17
-155.35,36.09,383.09,37,18
-126.10,38.28,382.88,37,19
-96.86,38.76,382.66,37,20
-67.61,40.80,382.45,37,21
-38.36,42.72,382.24,37,22
-9.11,43.54,382.02,37,23
20.13,45.17,381.81,37,24
49.38,44.15,381.60,37,25
78.63,47.60,381.39,37,26
107.88,51.97,381.17,37,27
137.12,58.34,380.96,37,28
166.37,68.71,380.75,37,29
195.62,81.32,380.53,37,30
224.87,86.64,380.32,37,31
254.11,89.15,380.11,37,32
283.36,88.45,379.89,37,33
312.61,80.35,379.68,37,34
341.86,68.70,379.47,37,35
371.11,56.25,379.26,37,36
400.35,43.52,379.04,37,37
429.60,43.52,378.83,37,38
458.85,36.26,378.62,37,39
488.10,27.74,378.40,37,40
517.34,18.40,378.19,37,41
546.59,7.86,377.98,37,42
575.84,7.79,377.76,37,43
605.09,7.42,377.55,37,44
634.33,7.54,377.34,37,45
663.58,7.71,377.12,37,46
-681.59,0.00,416.73,38,0
-652.34,0.00,416.52,38,1
-623.09,0.00,416.30,38,2
-593.85,0.00,416.09,38,3
-564.60,0.00,415.88,38,4
-535.35,0.00,415.67,38,5
-506.10,20.26,415.45,38,6
-476.86,22.89,415.24,38,7
-447.61,25.03,415.03,38,8
-418.36,26.79,414.82,38,9
-389.11,28.32,414.60,38,10
-359.87,28.20,414.39,38,11
-330.62,29.53,414.18,38,12
-301.37,29.28,413.97,38,13
-272.12,34.09,413.76,38,14
-242.88,33.48,413.54,38,15
-213.63,32.85,413.33,38,16
-184.38,36.48,413.12,38,17
-155.13,37.24,412.90,38,18
-125.89,38.67,412.69,38,19
-96.64,40.88,412.48,38,20
-67.39,43.42,412.27,38,21
-38.14,43.09,412.05,38,22
-8.90,43.74,411.84,38,23
20.35,45.54,411.63,38,24
49.60,45.65,411.42,38,25
78.85,47.43,411.20,38,26
108.09,58.72,410.99,38,27
137.34,58.75,410.78,38,28
166.59,64.22,410.56,38,29
195.84,76.31,410.35,38,30
225.08,86.96,410.14,38,31
254.33,85.59,409.92,38,32
283.58,85.26,409.71,38,33
312.83,84.74,409.50,38,34
342.07,68.99,409.29,38,35
371.32,58.56,409.07,38,36
400.57,48.84,408.86,38,37
429.82,48.84,408.65,38,38
459.07,40.89,408.43,38,39
488.31,31.12,408.22,38,40
517.56,20.78,408.01,38,41
546.81,13.20,407.79,38,42
576.06,8.27,407.58,38,43
605.30,8.80,407.37,38,44
634.55,8.42,407.15,38,45
663.80,8.01,406.94,38,46
-681.37,0.00,446.54,39,0
-652.13,0.00,446.33,39,1
-622.88,0.00,446.12,39,2
-593.63,0.00,445.91,39,3
-564.38,19.27,445.70,39,4
-535.14,19.27,445.48,39,5
-505.89,21.08,445.27,39,6
-476.64,20.26,445.06,39,7
-447.39,26.20,444.85,39,8
-418.15,27.15,444.63,39,9
-388.90,28.57,444.42,39,10
-359.65,28.90,444.21,39,11
-330.40,29.02,444.00,39,12
-301.16,31.05,443.78,39,13
-271.91,32.59,443.57,39,14
-242.66,34.95,443.36,39,15
-213.41,36.36,443.15,39,16
-184.16,36.34,442.93,39,17
-154.92,38.27,442.72,39,18
-125.67,38.93,442.51,39,19
-96.42,40.27,442.30,39,20
-67.17,42.51,442.08,39,21
-37.93,44.59,441.87,39,22
-8.68,45.81,441.66,39,23
20.57,46.06,441.44,39,24
49.82,46.77,441.23,39,25
79.06,47.28,441.02,39,26
108.31,54.77,440.81,39,27
137.56,57.22,440.59,39,28
166.81,62.99,440.38,39,29
196.05,71.02,440.17,39,30
225.30,80.27,439.95,39,31
254.55,87.90,439.74,39,32
283.80,84.68,439.53,39,33
313.04,83.28,439.31,39,34
342.29,76.42,439.10,39,35
371.54,64.36,438.89,39,36
400.79,54.17,438.68,39,37
430.04,54.17,438.46,39,38
459.28,44.22,438.25,39,39
488.53,35.43,438.04,39,40
517.78,24.43,437.82,39,41
547.03,16.62,437.61,39,42
576.27,10.57,437.40,39,43
605.52,10.05,437.18,39,44
634.77,9.48,436.97,39,45
664.02,9.02,436.75,39,46
-681.16,0.00,476.36,40,0
-651.91,0.00,476.15,40,1
-622.66,0.00,475.94,40,2
-593.41,0.00,475.72,40,3
-564.17,20.02,475.51,40,4
-534.92,20.02,475.30,40,5
-505.67,20.03,475.09,40,6
-476.42,23.40,474.87,40,7
-447.18,26.40,474.66,40,8
-417.93,26.93,474.45,40,9
-388.68,27.96,474.24,40,10
-359.43,28.08,474.03,40,11
-330.19,28.96,473.81,40,12
-300.94,30.86,473.60,40,13
-271.69,30.44,473.39,40,14
-242.44,34.91,473.18,40,15
-213.20,35.42,472.96,40,16
-183.95,36.94,472.75,40,17
-154.70,38.04,472.54,40,18
-125.45,39.64,472.32,40,19
-96.21,40.16,472.11,40,20
-66.96,42.11,471.90,40,21
-37.71,43.67,471.69,40,22
-8.46,45.34,471.47,40,23
20.79,46.55,471.26,40,24
50.03,47.50,471.05,40,25
79.28,47.54,470.84,40,26
108.53,54.70,470.62,40,27
137.78,53.71,470.41,40,28
167.02,58.64,470.20,40,29
196.27,65.31,469.98,40,30
225.52,76.01,469.77,40,31
254.77,86.44,469.56,40,32
284.01,84.82,469.34,40,33
313.26,86.34,469.13,40,34
342.51,83.06,468.92,40,35
371.76,69.48,468.70,40,36
401.00,56.96,468.49,40,37
430.25,56.96,468.28,40,38
459.50,48.07,468.07,40,39
488.75,36.06,467.85,40,40
518.00,26.27,467.64,40,41
547.24,17.95,467.43,40,42
576.49,15.53,467.21,40,43
605.74,11.99,467.00,40,44
634.99,12.69,466.78,40,45
664.23,10.25,466.57,40,46
-680.94,0.00,506.18,41,0
-651.69,0.00,505.96,41,1
-622.45,0.00,505.75,41,2
-593.20,18.97,505.54,41,3
-563.95,20.02,505.33,41,4
-534.70,20.02,505.12,41,5
-505.46,21.08,504.90,41,6
-476.21,24.01,504.69,41,7
-446.96,24.87,504.48,41,8
-417.71,25.60,504.27,41,9
-388.46,25.78,504.05,41,10
-359.22,27.63,503.84,41,11
-329.97,28.29,503.63,41,12
-300.72,29.37,503.42,41,13
-271.47,33.20,503.20,41,14
-242.23,34.17,502.99,41,15
-212.98,35.68,502.78,41,16
-183.73,36.48,502.57,41,17
-154.48,38.25,502.35,41,18
-125.24,39.70,502.14,41,19
-95.99,39.32,501.93,41,20
-66.74,41.57,501.72,41,21
-37.49,43.78,501.50,41,22
-8.25,45.33,501.29,41,23
21.00,47.24,501.08,41,24
50.25,48.58,500.86,41,25
79.50,50.08,500.65,41,26
108.75,52.20,500.44,41,27
137.99,53.31,500.23,41,28
167.24,57.94,500.01,41,29
196.49,63.60,499.80,41,30
225.74,72.16,499.59,41,31
254.98,81.09,499.37,41,32
284.23,85.80,499.16,41,33
313.48,86.30,498.95,41,34
342.73,82.19,498.73,41,35
371.97,69.89,498.52,41,36
401.22,55.14,498.31,41,37
430.47,55.14,498.10,41,38
459.72,46.15,497.88,41,39
488.97,36.33,497.67,41,40
518.21,26.85,497.46,41,41
547.46,19.06,497.24,41,42
576.71,17.64,497.03,41,43
605.96,15.82,496.81,41,44
635.20,14.55,496.60,41,45
664.45,11.99,496.39,41,46
-680.72,0.00,535.99,42,0
-651.48,0.00,535.78,42,1
-622.23,17.98,535.57,42,2
-592.98,18.89,535.36,42,3
-563.73,20.86,535.14,42,4
-534.49,20.86,534.93,42,5
-505.24,22.08,534.72,42,6
-475.99,23.35,534.51,42,7
-446.74,23.86,534.30,42,8
-417.50,25.93,534.08,42,9
-388.25,26.65,533.87,42,10
-359.00,27.28,533.66,42,11
-329.75,29.15,533.45,42,12
-300.51,30.27,533.23,42,13
-271.26,32.73,533.02,42,14
-242.01,32.59,532.81,42,15
-212.76,34.99,532.60,42,16
-183.51,36.97,532.38,42,17
-154.27,38.16,532.17,42,18
-125.02,39.09,531.96,42,19
-95.77,39.32,531.75,42,20
-66.52,41.40,531.53,42,21
-37.28,42.11,531.32,42,22
-8.03,44.43,531.11,42,23
21.22,47.22,530.89,42,24
50.47,49.69,530.68,42,25
79.71,51.63,530.47,42,26
108.96,52.04,530.26,42,27
138.21,52.55,530.04,42,28
167.46,56.05,529.83,42,29
196.71,62.21,529.62,42,30
225.95,70.36,529.40,42,31
255.20,80.07,529.19,42,32
284.45,88.15,528.98,42,33
313.70,87.98,528.76,42,34
342.94,78.97,528.55,42,35
372.19,65.27,528.34,42,36
401.44,54.49,528.12,42,37
430.69,54.49,527.91,42,38
459.94,44.62,527.70,42,39
489.18,35.96,527.49,42,40
518.43,27.10,527.27,42,41
547.68,23.08,527.06,42,42
576.93,17.33,526.84,42,43
606.17,16.54,526.63,42,44
635.42,16.38,526.42,42,45
664.67,14.76,526.20,42,46
-680.51,14.18,565.81,43,0
-651.26,14.46,565.60,43,1
-622.01,15.71,565.39,43,2
-592.77,18.89,565.17,43,3
-563.52,19.57,564.96,43,4
-534.27,19.57,564.75,43,5
-505.02,20.85,564.54,43,6
-475.77,23.30,564.32,43,7
-446.53,23.74,564.11,43,8
-417.28,25.25,563.90,43,9
-388.03,24.72,563.69,43,10
-358.78,25.36,563.47,43,11
-329.54,26.63,563.26,43,12
-300.29,29.76,563.05,43,13
-271.04,32.17,562.84,43,14
-241.79,33.40,562.62,43,15
-212.55,34.76,562.41,43,16
-183.30,36.76,562.20,43,17
-154.05,37.55,561.99,43,18
-124.80,38.65,561.77,43,19
-95.55,39.86,561.56,43,20
-66.31,40.47,561.35,43,21
-37.06,43.81,561.14,43,22
-7.81,45.30,560.92,43,23
21.44,48.14,560.71,43,24
50.68,49.81,560.50,43,25
79.93,51.01,560.28,43,26
109.18,52.20,560.07,43,27
138.43,51.84,559.86,43,28
167.67,54.38,559.65,43,29
196.92,59.68,559.43,43,30
226.17,65.44,559.22,43,31
255.42,71.58,559.01,43,32
284.67,80.50,558.79,43,33
313.91,80.24,558.58,43,34
343.16,76.24,558.37,43,35
372.41,63.96,558.15,43,36
401.66,47.08,557.94,43,37
430.90,47.08,557.73,43,38
460.15,42.70,557.51,43,39
489.40,36.27,557.30,43,40
518.65,27.73,557.09,43,41
547.90,24.73,556.87,43,42
577.14,19.06,556.66,43,43
606.39,17.19,556.45,43,44
635.64,17.02,556.23,43,45
664.89,16.72,556.02,43,46
-680.29,14.34,595.63,44,0
-651.04,14.18,595.41,44,1
-621.80,15.71,595.20,44,2
-592.55,18.41,594.99,44,3
-563.30,19.67,594.78,44,4
-534.05,19.67,594.57,44,5
-504.81,21.34,594.35,44,6
-475.56,22.13,594.14,44,7
-446.31,22.25,593.93,44,8
-417.06,22.79,593.72,44,9
-387.82,24.12,593.50,44,10
-358.57,24.91,593.29,44,11
-329.32,25.96,593.08,44,12
-300.07,27.78,592.87,44,13
-270.82,32.03,592.65,44,14
-241.58,33.25,592.44,44,15
-212.33,35.74,592.23,44,16
-183.08,35.95,592.02,44,17
-153.83,36.83,591.80,44,18
-124.59,37.16,591.59,44,19
-95.34,39.52,591.38,44,20
-66.09,41.14,591.17,44,21
-36.84,42.01,590.95,44,22
-7.59,44.39,590.74,44,23
21.65,45.76,590.53,44,24
50.90,46.47,590.31,44,25
80.15,49.94,590.10,44,26
109.40,52.38,589.89,44,27
138.64,51.20,589.68,44,28
167.89,51.34,589.46,44,29
197.14,55.17,589.25,44,30
226.39,62.42,589.04,44,31
255.64,68.97,588.82,44,32
284.88,75.38,588.61,44,33
314.13,77.12,588.40,44,34
343.38,72.19,588.18,44,35
372.63,59.06,587.97,44,36
401.87,47.21,587.76,44,37
431.12,47.21,587.54,44,38
460.37,43.86,587.33,44,39
489.62,36.88,587.12,44,40
518.87,33.50,586.90,44,41
548.11,24.35,586.69,44,42
577.36,21.52,586.48,44,43
606.61,18.95,586.26,44,44
635.86,16.97,586.05,44,45
665.11,17.10,585.84,44,46
-680.08,15.29,625.44,45,0
-650.83,14.53,625.23,45,1
-621.58,15.24,625.02,45,2
-592.33,17.06,624.81,45,3
-563.08,19.59,624.59,45,4
-533.84,19.59,624.38,45,5
-504.59,20.99,624.17,45,6
-475.34,21.36,623.96,45,7
-446.09,21.58,623.74,45,8
-416.85,21.80,623.53,45,9
-387.60,23.45,623.32,45,10
-358.35,24.10,623.11,45,11
-329.10,24.99,622.90,45,12
-299.86,25.16,622.68,45,13
-270.61,31.81,622.47,45,14
-241.36,32.49,622.26,45,15
-212.11,32.92,622.05,45,16
-182.86,35.39,621.83,45,17
-153.62,36.67,621.62,45,18
-124.37,37.93,621.41,45,19
-95.12,38.71,621.19,45,20
-65.87,40.61,620.98,45,21
-36.63,42.01,620.77,45,22
-7.38,43.25,620.56,45,23
21.87,42.94,620.34,45,24
51.12,46.81,620.13,45,25
80.37,50.29,619.92,45,26
109.61,51.69,619.71,45,27
138.86,51.17,619.49,45,28
168.11,51.93,619.28,45,29
197.36,53.28,619.07,45,30
226.60,60.25,618.85,45,31
255.85,64.99,618.64,45,32
285.10,70.41,618.43,45,33
314.35,71.78,618.21,45,34
343.60,69.09,618.00,45,35
372.84,57.64,617.79,45,36
402.09,51.62,617.57,45,37
431.34,51.62,617.36,45,38
460.59,46.56,617.15,45,39
489.84,39.48,616.93,45,40
519.08,34.81,616.72,45,41
548.33,31.10,616.51,45,42
577.58,25.93,616.29,45,43
606.83,23.43,616.08,45,44
636.07,18.98,615.87,45,45
665.32,18.14,615.65,45,46
-679.86,15.04,655.26,46,0
-650.61,16.51,655.05,46,1
-621.36,15.22,654.83,46,2
-592.12,16.75,654.62,46,3
-562.87,19.30,654.41,46,4
-533.62,19.30,654.20,46,5
-504.37,20.36,653.99,46,6
-475.13,21.32,653.77,46,7
-445.88,21.59,653.56,46,8
-416.63,21.92,653.35,46,9
-387.38,22.54,653.14,46,10
-358.13,24.34,652.92,46,11
-328.89,24.53,652.71,46,12
-299.64,25.03,652.50,46,13
-270.39,29.23,652.29,46,14
-241.14,31.81,652.07,46,15
-211.90,34.16,651.86,46,16
-182.65,35.99,651.65,46,17
-153.40,36.28,651.44,46,18
-124.15,36.81,651.22,46,19
-94.90,39.65,651.01,46,20
-65.66,39.81,650.80,46,21
-36.41,41.26,650.59,46,22
-7.16,42.44,650.37,46,23
22.09,42.64,650.16,46,24
51.33,44.38,649.95,46,25
80.58,47.55,649.73,46,26
109.83,49.77,649.52,46,27
139.08,50.84,649.31,46,28
168.33,51.82,649.10,46,29
197.57,52.36,648.88,46,30
226.82,57.97,648.67,46,31
256.07,61.48,648.46,46,32
285.32,64.14,648.24,46,33
314.57,67.54,648.03,46,34
343.81,62.05,647.82,46,35
373.06,60.98,647.60,46,36
402.31,54.64,647.39,46,37
431.56,54.64,647.18,46,38
460.80,48.38,646.96,46,39
490.05,40.07,646.75,46,40
519.30,38.26,646.54,46,41
548.55,34.97,646.32,46,42
577.80,31.51,646.11,46,43
607.04,26.01,645.90,46,44
636.29,20.35,645.68,46,45
665.54,18.74,645.47,46,46
-679.64,14.67,685.08,47,0
-650.40,15.65,684.86,47,1
-621.15,14.71,684.65,47,2
-591.90,16.97,684.44,47,3
-562.65,18.96,684.23,47,4
-533.40,18.96,684.01,47,5
-504.16,20.37,683.80,47,6
-474.91,21.48,683.59,47,7
-445.66,21.44,683.38,47,8
-416.41,22.09,683.17,47,9
-387.17,23.45,682.95,47,10
-357.92,24.70,682.74,47,11
-328.67,24.58,682.53,47,12
-299.42,24.78,682.32,47,13
-270.17,29.04,682.10,47,14
-240.93,31.22,681.89,47,15
-211.68,34.76,681.68,47,16
-182.43,35.49,681.47,47,17
-153.18,36.65,681.25,47,18
-123.94,37.47,681.04,47,19
-94.69,39.41,680.83,47,20
-65.44,38.80,680.62,47,21
-36.19,40.82,680.40,47,22
-6.94,42.81,680.19,47,23
22.30,42.61,679.98,47,24
51.55,42.80,679.76,47,25
80.80,45.38,679.55,47,26
110.05,46.81,679.34,47,27
139.30,49.82,679.13,47,28
168.54,52.09,678.91,47,29
197.79,54.99,678.70,47,30
227.04,58.58,678.49,47,31
256.29,60.49,678.27,47,32
285.53,61.30,678.06,47,33
314.78,62.64,677.85,47,34
344.03,61.58,677.63,47,35
373.28,60.36,677.42,47,36
402.53,56.88,677.21,47,37
431.77,56.88,676.99,47,38
461.02,54.58,676.78,47,39
490.27,46.60,676.57,47,40
519.52,38.79,676.35,47,41
548.77,36.93,676.14,47,42
578.01,32.91,675.93,47,43
607.26,26.18,675.71,47,44
636.51,23.34,675.50,47,45
665.76,19.67,675.29,47,46
-679.43,13.60,714.89,48,0
-650.18,13.53,714.68,48,1
-620.93,14.69,714.47,48,2
-591.68,17.11,714.26,48,3
-562.44,17.93,714.04,48,4
-533.19,17.93,713.83,48,5
-503.94,20.10,713.62,48,6
-474.69,21.13,713.41,48,7
-445.44,21.01,713.19,48,8
-416.20,22.09,712.98,48,9
-386.95,23.52,712.77,48,10
-357.70,23.97,712.56,48,11
-328.45,24.65,712.34,48,12
-299.21,26.03,712.13,48,13
-269.96,28.64,711.92,48,14
-240.71,31.63,711.71,48,15
-211.46,33.24,711.49,48,16
-182.21,33.98,711.28,48,17
-152.97,36.06,711.07,48,18
-123.72,37.66,710.86,48,19
-94.47,37.76,710.64,48,20
-65.22,39.46,710.43,48,21
-35.97,41.11,710.22,48,22
-6.73,42.31,710.01,48,23
22.52,43.13,709.79,48,24
51.77,43.95,709.58,48,25
81.02,45.25,709.37,48,26
110.26,45.75,709.15,48,27
139.51,49.39,708.94,48,28
168.76,52.15,708.73,48,29
198.01,54.28,708.52,48,30
227.26,55.18,708.30,48,31
256.50,60.16,708.09,48,32
285.75,61.12,707.88,48,33
315.00,60.96,707.66,48,34
344.25,60.68,707.45,48,35
373.50,61.43,707.24,48,36
402.74,61.70,707.02,48,37
431.99,61.70,706.81,48,38
461.24,62.46,706.60,48,39
490.49,55.34,706.38,48,40
519.74,45.89,706.17,48,41
548.98,37.32,705.96,48,42
578.23,34.18,705.74,48,43
607.48,29.37,705.53,48,44
636.73,23.76,705.32,48,45
665.98,22.65,705.10,48,46
