x,y,z
-924.34,41.00,-847.52
-895.10,44.00,-847.52
-865.86,44.00,-847.52
-836.62,45.00,-847.52
-807.38,48.00,-847.52
-778.13,52.00,-847.52
-748.89,56.00,-847.52
-719.65,58.00,-847.52
-690.41,61.00,-847.52
-661.17,65.00,-847.52
-631.93,70.00,-847.52
-602.69,68.00,-847.52
-573.45,61.00,-847.52
-544.21,55.00,-847.52
-514.96,46.00,-847.52
-485.72,36.00,-847.52
-456.48,28.00,-847.52
-427.24,20.00,-847.52
-398.00,12.00,-847.52
-368.76,10.00,-847.52
-339.52,11.00,-847.52
-310.28,12.00,-847.52
-281.04,14.00,-847.52
-251.79,14.00,-847.52
-222.55,13.00,-847.52
-193.31,13.00,-847.52
-164.07,13.00,-847.52
-134.83,13.00,-847.52
-105.59,13.00,-847.52
-76.35,12.00,-847.52
-47.11,13.00,-847.52
-17.86,15.00,-847.52
11.38,15.00,-847.52
40.62,14.00,-847.52
69.86,13.00,-847.52
99.10,12.00,-847.52
128.34,10.00,-847.52
157.58,10.00,-847.52
186.82,13.00,-847.52
216.06,13.00,-847.52
245.31,12.00,-847.52
274.55,11.00,-847.52
303.79,10.00,-847.52
333.03,11.00,-847.52
362.27,14.00,-847.52
391.51,20.00,-847.52
420.75,21.00,-847.52
449.99,14.00,-847.52
479.23,13.00,-847.52
508.48,14.00,-847.52
537.72,14.00,-847.52
566.96,13.00,-847.52
596.20,15.00,-847.52
625.44,18.00,-847.52
654.68,19.00,-847.52
683.92,18.00,-847.52
713.16,18.00,-847.52
742.40,19.00,-847.52
771.65,19.00,-847.52
800.89,16.00,-847.52
830.13,13.00,-847.52
859.37,11.00,-847.52
888.61,10.00,-847.52
917.85,10.00,-847.52
-924.34,42.00,-817.52
-895.10,42.00,-817.52
-865.86,42.00,-817.52
-836.62,44.00,-817.52
-807.38,49.00,-817.52
-778.13,52.00,-817.52
-748.89,55.00,-817.52
-719.65,58.00,-817.52
-690.41,61.00,-817.52
-661.17,69.00,-817.52
-631.93,78.00,-817.52
-602.69,77.00,-817.52
-573.45,71.00,-817.52
-544.21,63.00,-817.52
-514.96,54.00,-817.52
-485.72,42.00,-817.52
-456.48,32.00,-817.52
-427.24,24.00,-817.52
-398.00,15.00,-817.52
-368.76,11.00,-817.52
-339.52,10.00,-817.52
-310.28,12.00,-817.52
-281.04,12.00,-817.52
-251.79,13.00,-817.52
-222.55,11.00,-817.52
-193.31,11.00,-817.52
-164.07,12.00,-817.52
-134.83,12.00,-817.52
-105.59,13.00,-817.52
-76.35,12.00,-817.52
-47.11,12.00,-817.52
-17.86,14.00,-817.52
11.38,14.00,-817.52
40.62,14.00,-817.52
69.86,14.00,-817.52
99.10,12.00,-817.52
128.34,10.00,-817.52
157.58,11.00,-817.52
186.82,13.00,-817.52
216.06,14.00,-817.52
245.31,12.00,-817.52
274.55,11.00,-817.52
303.79,11.00,-817.52
333.03,12.00,-817.52
362.27,19.00,-817.52
391.51,32.00,-817.52
420.75,34.00,-817.52
449.99,26.00,-817.52
479.23,19.00,-817.52
508.48,15.00,-817.52
537.72,14.00,-817.52
566.96,12.00,-817.52
596.20,12.00,-817.52
625.44,14.00,-817.52
654.68,14.00,-817.52
683.92,14.00,-817.52
713.16,16.00,-817.52
742.40,19.00,-817.52
771.65,19.00,-817.52
800.89,19.00,-817.52
830.13,15.00,-817.52
859.37,12.00,-817.52
888.61,10.00,-817.52
917.85,11.00,-817.52
-924.34,40.00,-787.52
-895.10,41.00,-787.52
-865.86,42.00,-787.52
-836.62,45.00,-787.52
-807.38,49.00,-787.52
-778.13,51.00,-787.52
-748.89,54.00,-787.52
-719.65,58.00,-787.52
-690.41,64.00,-787.52
-661.17,74.00,-787.52
-631.93,83.00,-787.52
-602.69,83.00,-787.52
-573.45,77.00,-787.52
-544.21,66.00,-787.52
-514.96,58.00,-787.52
-485.72,48.00,-787.52
-456.48,38.00,-787.52
-427.24,28.00,-787.52
-398.00,21.00,-787.52
-368.76,13.00,-787.52
-339.52,12.00,-787.52
-310.28,12.00,-787.52
-281.04,12.00,-787.52
-251.79,12.00,-787.52
-222.55,13.00,-787.52
-193.31,13.00,-787.52
-164.07,13.00,-787.52
-134.83,14.00,-787.52
-105.59,12.00,-787.52
-76.35,10.00,-787.52
-47.11,11.00,-787.52
-17.86,12.00,-787.52
11.38,12.00,-787.52
40.62,13.00,-787.52
69.86,13.00,-787.52
99.10,11.00,-787.52
128.34,10.00,-787.52
157.58,11.00,-787.52
186.82,11.00,-787.52
216.06,11.00,-787.52
245.31,11.00,-787.52
274.55,10.00,-787.52
303.79,10.00,-787.52
333.03,14.00,-787.52
362.27,25.00,-787.52
391.51,35.00,-787.52
420.75,39.00,-787.52
449.99,35.00,-787.52
479.23,20.00,-787.52
508.48,14.00,-787.52
537.72,14.00,-787.52
566.96,11.00,-787.52
596.20,10.00,-787.52
625.44,10.00,-787.52
654.68,10.00,-787.52
683.92,10.00,-787.52
713.16,14.00,-787.52
742.40,18.00,-787.52
771.65,18.00,-787.52
800.89,21.00,-787.52
830.13,18.00,-787.52
859.37,13.00,-787.52
888.61,12.00,-787.52
917.85,12.00,-787.52
-924.34,39.00,-757.52
-895.10,41.00,-757.52
-865.86,44.00,-757.52
-836.62,46.00,-757.52
-807.38,48.00,-757.52
-778.13,50.00,-757.52
-748.89,53.00,-757.52
-719.65,58.00,-757.52
-690.41,65.00,-757.52
-661.17,77.00,-757.52
-631.93,85.00,-757.52
-602.69,88.00,-757.52
-573.45,84.00,-757.52
-544.21,74.00,-757.52
-514.96,64.00,-757.52
-485.72,55.00,-757.52
-456.48,44.00,-757.52
-427.24,36.00,-757.52
-398.00,27.00,-757.52
-368.76,19.00,-757.52
-339.52,15.00,-757.52
-310.28,11.00,-757.52
-281.04,11.00,-757.52
-251.79,13.00,-757.52
-222.55,15.00,-757.52
-193.31,15.00,-757.52
-164.07,15.00,-757.52
-134.83,14.00,-757.52
-105.59,11.00,-757.52
-76.35,11.00,-757.52
-47.11,11.00,-757.52
-17.86,11.00,-757.52
11.38,10.00,-757.52
40.62,10.00,-757.52
69.86,11.00,-757.52
99.10,10.00,-757.52
128.34,10.00,-757.52
157.58,11.00,-757.52
186.82,11.00,-757.52
216.06,10.00,-757.52
245.31,10.00,-757.52
274.55,10.00,-757.52
303.79,11.00,-757.52
333.03,13.00,-757.52
362.27,21.00,-757.52
391.51,27.00,-757.52
420.75,29.00,-757.52
449.99,22.00,-757.52
479.23,16.00,-757.52
508.48,15.00,-757.52
537.72,14.00,-757.52
566.96,12.00,-757.52
596.20,10.00,-757.52
625.44,9.00,-757.52
654.68,8.00,-757.52
683.92,10.00,-757.52
713.16,12.00,-757.52
742.40,17.00,-757.52
771.65,17.00,-757.52
800.89,19.00,-757.52
830.13,16.00,-757.52
859.37,13.00,-757.52
888.61,12.00,-757.52
917.85,13.00,-757.52
-924.34,40.00,-727.52
-895.10,43.00,-727.52
-865.86,46.00,-727.52
-836.62,47.00,-727.52
-807.38,49.00,-727.52
-778.13,48.00,-727.52
-748.89,51.00,-727.52
-719.65,59.00,-727.52
-690.41,69.00,-727.52
-661.17,78.00,-727.52
-631.93,86.00,-727.52
-602.69,92.00,-727.52
-573.45,92.00,-727.52
-544.21,84.00,-727.52
-514.96,75.00,-727.52
-485.72,60.00,-727.52
-456.48,48.00,-727.52
-427.24,40.00,-727.52
-398.00,33.00,-727.52
-368.76,24.00,-727.52
-339.52,16.00,-727.52
-310.28,12.00,-727.52
-281.04,12.00,-727.52
-251.79,14.00,-727.52
-222.55,14.00,-727.52
-193.31,14.00,-727.52
-164.07,15.00,-727.52
-134.83,13.00,-727.52
-105.59,11.00,-727.52
-76.35,11.00,-727.52
-47.11,12.00,-727.52
-17.86,10.00,-727.52
11.38,9.00,-727.52
40.62,9.00,-727.52
69.86,9.00,-727.52
99.10,9.00,-727.52
128.34,10.00,-727.52
157.58,10.00,-727.52
186.82,11.00,-727.52
216.06,11.00,-727.52
245.31,11.00,-727.52
274.55,12.00,-727.52
303.79,13.00,-727.52
333.03,14.00,-727.52
362.27,14.00,-727.52
391.51,16.00,-727.52
420.75,16.00,-727.52
449.99,17.00,-727.52
479.23,16.00,-727.52
508.48,15.00,-727.52
537.72,14.00,-727.52
566.96,12.00,-727.52
596.20,10.00,-727.52
625.44,10.00,-727.52
654.68,9.00,-727.52
683.92,10.00,-727.52
713.16,12.00,-727.52
742.40,14.00,-727.52
771.65,14.00,-727.52
800.89,14.00,-727.52
830.13,12.00,-727.52
859.37,11.00,-727.52
888.61,10.00,-727.52
917.85,12.00,-727.52
-924.34,43.00,-697.52
-895.10,46.00,-697.52
-865.86,48.00,-697.52
-836.62,49.00,-697.52
-807.38,49.00,-697.52
-778.13,49.00,-697.52
-748.89,50.00,-697.52
-719.65,56.00,-697.52
-690.41,68.00,-697.52
-661.17,78.00,-697.52
-631.93,88.00,-697.52
-602.69,95.00,-697.52
-573.45,94.00,-697.52
-544.21,87.00,-697.52
-514.96,77.00,-697.52
-485.72,67.00,-697.52
-456.48,54.00,-697.52
-427.24,42.00,-697.52
-398.00,37.00,-697.52
-368.76,27.00,-697.52
-339.52,20.00,-697.52
-310.28,15.00,-697.52
-281.04,12.00,-697.52
-251.79,12.00,-697.52
-222.55,14.00,-697.52
-193.31,14.00,-697.52
-164.07,14.00,-697.52
-134.83,12.00,-697.52
-105.59,10.00,-697.52
-76.35,11.00,-697.52
-47.11,11.00,-697.52
-17.86,10.00,-697.52
11.38,10.00,-697.52
40.62,10.00,-697.52
69.86,9.00,-697.52
99.10,10.00,-697.52
128.34,10.00,-697.52
157.58,9.00,-697.52
186.82,10.00,-697.52
216.06,11.00,-697.52
245.31,12.00,-697.52
274.55,13.00,-697.52
303.79,14.00,-697.52
333.03,13.00,-697.52
362.27,11.00,-697.52
391.51,11.00,-697.52
420.75,13.00,-697.52
449.99,14.00,-697.52
479.23,13.00,-697.52
508.48,13.00,-697.52
537.72,12.00,-697.52
566.96,11.00,-697.52
596.20,11.00,-697.52
625.44,11.00,-697.52
654.68,9.00,-697.52
683.92,10.00,-697.52
713.16,11.00,-697.52
742.40,12.00,-697.52
771.65,12.00,-697.52
800.89,11.00,-697.52
830.13,9.00,-697.52
859.37,9.00,-697.52
888.61,11.00,-697.52
917.85,10.00,-697.52
-924.34,45.00,-667.52
-895.10,48.00,-667.52
-865.86,49.00,-667.52
-836.62,50.00,-667.52
-807.38,50.00,-667.52
-778.13,49.00,-667.52
-748.89,50.00,-667.52
-719.65,55.00,-667.52
-690.41,66.00,-667.52
-661.17,78.00,-667.52
-631.93,88.00,-667.52
-602.69,95.00,-667.52
-573.45,95.00,-667.52
-544.21,90.00,-667.52
-514.96,80.00,-667.52
-485.72,72.00,-667.52
-456.48,62.00,-667.52
-427.24,51.00,-667.52
-398.00,40.00,-667.52
-368.76,30.00,-667.52
-339.52,24.00,-667.52
-310.28,17.00,-667.52
-281.04,12.00,-667.52
-251.79,12.00,-667.52
-222.55,14.00,-667.52
-193.31,14.00,-667.52
-164.07,15.00,-667.52
-134.83,12.00,-667.52
-105.59,10.00,-667.52
-76.35,9.00,-667.52
-47.11,9.00,-667.52
-17.86,11.00,-667.52
11.38,11.00,-667.52
40.62,11.00,-667.52
69.86,10.00,-667.52
99.10,9.00,-667.52
128.34,8.00,-667.52
157.58,7.00,-667.52
186.82,8.00,-667.52
216.06,10.00,-667.52
245.31,11.00,-667.52
274.55,12.00,-667.52
303.79,13.00,-667.52
333.03,12.00,-667.52
362.27,10.00,-667.52
391.51,10.00,-667.52
420.75,11.00,-667.52
449.99,11.00,-667.52
479.23,11.00,-667.52
508.48,11.00,-667.52
537.72,11.00,-667.52
566.96,11.00,-667.52
596.20,11.00,-667.52
625.44,10.00,-667.52
654.68,9.00,-667.52
683.92,9.00,-667.52
713.16,10.00,-667.52
742.40,11.00,-667.52
771.65,11.00,-667.52
800.89,9.00,-667.52
830.13,7.00,-667.52
859.37,10.00,-667.52
888.61,11.00,-667.52
917.85,10.00,-667.52
-924.34,46.00,-637.52
-895.10,48.00,-637.52
-865.86,49.00,-637.52
-836.62,50.00,-637.52
-807.38,51.00,-637.52
-778.13,51.00,-637.52
-748.89,52.00,-637.52
-719.65,55.00,-637.52
-690.41,62.00,-637.52
-661.17,73.00,-637.52
-631.93,84.00,-637.52
-602.69,91.00,-637.52
-573.45,94.00,-637.52
-544.21,95.00,-637.52
-514.96,88.00,-637.52
-485.72,79.00,-637.52
-456.48,71.00,-637.52
-427.24,59.00,-637.52
-398.00,43.00,-637.52
-368.76,33.00,-637.52
-339.52,26.00,-637.52
-310.28,18.00,-637.52
-281.04,14.00,-637.52
-251.79,13.00,-637.52
-222.55,16.00,-637.52
-193.31,16.00,-637.52
-164.07,15.00,-637.52
-134.83,12.00,-637.52
-105.59,9.00,-637.52
-76.35,9.00,-637.52
-47.11,10.00,-637.52
-17.86,11.00,-637.52
11.38,12.00,-637.52
40.62,11.00,-637.52
69.86,9.00,-637.52
99.10,8.00,-637.52
128.34,7.00,-637.52
157.58,7.00,-637.52
186.82,8.00,-637.52
216.06,9.00,-637.52
245.31,9.00,-637.52
274.55,10.00,-637.52
303.79,12.00,-637.52
333.03,12.00,-637.52
362.27,10.00,-637.52
391.51,10.00,-637.52
420.75,9.00,-637.52
449.99,8.00,-637.52
479.23,9.00,-637.52
508.48,12.00,-637.52
537.72,13.00,-637.52
566.96,11.00,-637.52
596.20,9.00,-637.52
625.44,8.00,-637.52
654.68,8.00,-637.52
683.92,8.00,-637.52
713.16,8.00,-637.52
742.40,9.00,-637.52
771.65,9.00,-637.52
800.89,8.00,-637.52
830.13,8.00,-637.52
859.37,10.00,-637.52
888.61,14.00,-637.52
917.85,12.00,-637.52
-924.34,47.00,-607.52
-895.10,48.00,-607.52
-865.86,49.00,-607.52
-836.62,49.00,-607.52
-807.38,50.00,-607.52
-778.13,53.00,-607.52
-748.89,54.00,-607.52
-719.65,56.00,-607.52
-690.41,61.00,-607.52
-661.17,69.00,-607.52
-631.93,77.00,-607.52
-602.69,83.00,-607.52
-573.45,94.00,-607.52
-544.21,99.00,-607.52
-514.96,96.00,-607.52
-485.72,83.00,-607.52
-456.48,74.00,-607.52
-427.24,61.00,-607.52
-398.00,47.00,-607.52
-368.76,35.00,-607.52
-339.52,28.00,-607.52
-310.28,20.00,-607.52
-281.04,16.00,-607.52
-251.79,17.00,-607.52
-222.55,18.00,-607.52
-193.31,18.00,-607.52
-164.07,17.00,-607.52
-134.83,12.00,-607.52
-105.59,9.00,-607.52
-76.35,10.00,-607.52
-47.11,11.00,-607.52
-17.86,12.00,-607.52
11.38,12.00,-607.52
40.62,11.00,-607.52
69.86,10.00,-607.52
99.10,9.00,-607.52
128.34,9.00,-607.52
157.58,8.00,-607.52
186.82,9.00,-607.52
216.06,9.00,-607.52
245.31,10.00,-607.52
274.55,11.00,-607.52
303.79,11.00,-607.52
333.03,11.00,-607.52
362.27,9.00,-607.52
391.51,8.00,-607.52
420.75,7.00,-607.52
449.99,7.00,-607.52
479.23,7.00,-607.52
508.48,9.00,-607.52
537.72,10.00,-607.52
566.96,10.00,-607.52
596.20,9.00,-607.52
625.44,10.00,-607.52
654.68,9.00,-607.52
683.92,9.00,-607.52
713.16,9.00,-607.52
742.40,8.00,-607.52
771.65,8.00,-607.52
800.89,8.00,-607.52
830.13,9.00,-607.52
859.37,12.00,-607.52
888.61,15.00,-607.52
917.85,15.00,-607.52
-924.34,47.00,-577.52
-895.10,49.00,-577.52
-865.86,48.00,-577.52
-836.62,48.00,-577.52
-807.38,49.00,-577.52
-778.13,53.00,-577.52
-748.89,56.00,-577.52
-719.65,57.00,-577.52
-690.41,60.00,-577.52
-661.17,65.00,-577.52
-631.93,71.00,-577.52
-602.69,79.00,-577.52
-573.45,90.00,-577.52
-544.21,96.00,-577.52
-514.96,91.00,-577.52
-485.72,83.00,-577.52
-456.48,74.00,-577.52
-427.24,60.00,-577.52
-398.00,49.00,-577.52
-368.76,39.00,-577.52
-339.52,30.00,-577.52
-310.28,23.00,-577.52
-281.04,19.00,-577.52
-251.79,20.00,-577.52
-222.55,22.00,-577.52
-193.31,22.00,-577.52
-164.07,19.00,-577.52
-134.83,15.00,-577.52
-105.59,12.00,-577.52
-76.35,12.00,-577.52
-47.11,13.00,-577.52
-17.86,12.00,-577.52
11.38,13.00,-577.52
40.62,11.00,-577.52
69.86,10.00,-577.52
99.10,10.00,-577.52
128.34,10.00,-577.52
157.58,10.00,-577.52
186.82,10.00,-577.52
216.06,10.00,-577.52
245.31,10.00,-577.52
274.55,11.00,-577.52
303.79,11.00,-577.52
333.03,10.00,-577.52
362.27,9.00,-577.52
391.51,8.00,-577.52
420.75,8.00,-577.52
449.99,7.00,-577.52
479.23,7.00,-577.52
508.48,5.00,-577.52
537.72,6.00,-577.52
566.96,6.00,-577.52
596.20,8.00,-577.52
625.44,11.00,-577.52
654.68,12.00,-577.52
683.92,10.00,-577.52
713.16,9.00,-577.52
742.40,9.00,-577.52
771.65,9.00,-577.52
800.89,9.00,-577.52
830.13,11.00,-577.52
859.37,12.00,-577.52
888.61,14.00,-577.52
917.85,15.00,-577.52
-924.34,46.00,-547.52
-895.10,48.00,-547.52
-865.86,49.00,-547.52
-836.62,49.00,-547.52
-807.38,50.00,-547.52
-778.13,53.00,-547.52
-748.89,55.00,-547.52
-719.65,57.00,-547.52
-690.41,59.00,-547.52
-661.17,65.00,-547.52
-631.93,71.00,-547.52
-602.69,78.00,-547.52
-573.45,88.00,-547.52
-544.21,93.00,-547.52
-514.96,91.00,-547.52
-485.72,82.00,-547.52
-456.48,69.00,-547.52
-427.24,57.00,-547.52
-398.00,50.00,-547.52
-368.76,40.00,-547.52
-339.52,31.00,-547.52
-310.28,26.00,-547.52
-281.04,22.00,-547.52
-251.79,22.00,-547.52
-222.55,21.00,-547.52
-193.31,21.00,-547.52
-164.07,20.00,-547.52
-134.83,17.00,-547.52
-105.59,16.00,-547.52
-76.35,16.00,-547.52
-47.11,14.00,-547.52
-17.86,13.00,-547.52
11.38,13.00,-547.52
40.62,12.00,-547.52
69.86,11.00,-547.52
99.10,10.00,-547.52
128.34,10.00,-547.52
157.58,11.00,-547.52
186.82,10.00,-547.52
216.06,9.00,-547.52
245.31,10.00,-547.52
274.55,10.00,-547.52
303.79,10.00,-547.52
333.03,9.00,-547.52
362.27,8.00,-547.52
391.51,8.00,-547.52
420.75,8.00,-547.52
449.99,9.00,-547.52
479.23,8.00,-547.52
508.48,6.00,-547.52
537.72,5.00,-547.52
566.96,4.00,-547.52
596.20,9.00,-547.52
625.44,13.00,-547.52
654.68,13.00,-547.52
683.92,11.00,-547.52
713.16,10.00,-547.52
742.40,10.00,-547.52
771.65,10.00,-547.52
800.89,11.00,-547.52
830.13,13.00,-547.52
859.37,12.00,-547.52
888.61,12.00,-547.52
917.85,13.00,-547.52
-924.34,45.00,-517.52
-895.10,47.00,-517.52
-865.86,49.00,-517.52
-836.62,50.00,-517.52
-807.38,51.00,-517.52
-778.13,53.00,-517.52
-748.89,55.00,-517.52
-719.65,57.00,-517.52
-690.41,59.00,-517.52
-661.17,64.00,-517.52
-631.93,68.00,-517.52
-602.69,76.00,-517.52
-573.45,84.00,-517.52
-544.21,89.00,-517.52
-514.96,88.00,-517.52
-485.72,79.00,-517.52
-456.48,67.00,-517.52
-427.24,57.00,-517.52
-398.00,49.00,-517.52
-368.76,39.00,-517.52
-339.52,32.00,-517.52
-310.28,28.00,-517.52
-281.04,25.00,-517.52
-251.79,23.00,-517.52
-222.55,22.00,-517.52
-193.31,22.00,-517.52
-164.07,21.00,-517.52
-134.83,19.00,-517.52
-105.59,20.00,-517.52
-76.35,19.00,-517.52
-47.11,17.00,-517.52
-17.86,15.00,-517.52
11.38,13.00,-517.52
40.62,12.00,-517.52
69.86,11.00,-517.52
99.10,10.00,-517.52
128.34,10.00,-517.52
157.58,10.00,-517.52
186.82,9.00,-517.52
216.06,9.00,-517.52
245.31,9.00,-517.52
274.55,9.00,-517.52
303.79,9.00,-517.52
333.03,8.00,-517.52
362.27,8.00,-517.52
391.51,6.00,-517.52
420.75,8.00,-517.52
449.99,10.00,-517.52
479.23,11.00,-517.52
508.48,9.00,-517.52
537.72,6.00,-517.52
566.96,7.00,-517.52
596.20,10.00,-517.52
625.44,13.00,-517.52
654.68,13.00,-517.52
683.92,13.00,-517.52
713.16,12.00,-517.52
742.40,11.00,-517.52
771.65,11.00,-517.52
800.89,12.00,-517.52
830.13,12.00,-517.52
859.37,12.00,-517.52
888.61,11.00,-517.52
917.85,10.00,-517.52
-924.34,44.00,-487.52
-895.10,46.00,-487.52
-865.86,48.00,-487.52
-836.62,50.00,-487.52
-807.38,53.00,-487.52
-778.13,54.00,-487.52
-748.89,54.00,-487.52
-719.65,57.00,-487.52
-690.41,59.00,-487.52
-661.17,62.00,-487.52
-631.93,65.00,-487.52
-602.69,71.00,-487.52
-573.45,80.00,-487.52
-544.21,85.00,-487.52
-514.96,84.00,-487.52
-485.72,77.00,-487.52
-456.48,66.00,-487.52
-427.24,57.00,-487.52
-398.00,47.00,-487.52
-368.76,40.00,-487.52
-339.52,34.00,-487.52
-310.28,32.00,-487.52
-281.04,28.00,-487.52
-251.79,24.00,-487.52
-222.55,22.00,-487.52
-193.31,22.00,-487.52
-164.07,22.00,-487.52
-134.83,21.00,-487.52
-105.59,22.00,-487.52
-76.35,20.00,-487.52
-47.11,18.00,-487.52
-17.86,16.00,-487.52
11.38,14.00,-487.52
40.62,13.00,-487.52
69.86,12.00,-487.52
99.10,11.00,-487.52
128.34,11.00,-487.52
157.58,12.00,-487.52
186.82,10.00,-487.52
216.06,9.00,-487.52
245.31,9.00,-487.52
274.55,10.00,-487.52
303.79,10.00,-487.52
333.03,9.00,-487.52
362.27,8.00,-487.52
391.51,7.00,-487.52
420.75,7.00,-487.52
449.99,10.00,-487.52
479.23,12.00,-487.52
508.48,11.00,-487.52
537.72,9.00,-487.52
566.96,9.00,-487.52
596.20,12.00,-487.52
625.44,12.00,-487.52
654.68,13.00,-487.52
683.92,14.00,-487.52
713.16,13.00,-487.52
742.40,11.00,-487.52
771.65,11.00,-487.52
800.89,9.00,-487.52
830.13,10.00,-487.52
859.37,10.00,-487.52
888.61,9.00,-487.52
917.85,9.00,-487.52
-924.34,44.00,-457.52
-895.10,45.00,-457.52
-865.86,47.00,-457.52
-836.62,50.00,-457.52
-807.38,53.00,-457.52
-778.13,54.00,-457.52
-748.89,55.00,-457.52
-719.65,56.00,-457.52
-690.41,58.00,-457.52
-661.17,60.00,-457.52
-631.93,60.00,-457.52
-602.69,66.00,-457.52
-573.45,75.00,-457.52
-544.21,79.00,-457.52
-514.96,79.00,-457.52
-485.72,74.00,-457.52
-456.48,65.00,-457.52
-427.24,53.00,-457.52
-398.00,47.00,-457.52
-368.76,43.00,-457.52
-339.52,39.00,-457.52
-310.28,35.00,-457.52
-281.04,31.00,-457.52
-251.79,26.00,-457.52
-222.55,23.00,-457.52
-193.31,23.00,-457.52
-164.07,21.00,-457.52
-134.83,21.00,-457.52
-105.59,21.00,-457.52
-76.35,20.00,-457.52
-47.11,18.00,-457.52
-17.86,17.00,-457.52
11.38,16.00,-457.52
40.62,16.00,-457.52
69.86,14.00,-457.52
99.10,14.00,-457.52
128.34,14.00,-457.52
157.58,13.00,-457.52
186.82,11.00,-457.52
216.06,9.00,-457.52
245.31,9.00,-457.52
274.55,10.00,-457.52
303.79,12.00,-457.52
333.03,10.00,-457.52
362.27,10.00,-457.52
391.51,9.00,-457.52
420.75,8.00,-457.52
449.99,9.00,-457.52
479.23,13.00,-457.52
508.48,13.00,-457.52
537.72,12.00,-457.52
566.96,12.00,-457.52
596.20,12.00,-457.52
625.44,12.00,-457.52
654.68,13.00,-457.52
683.92,14.00,-457.52
713.16,14.00,-457.52
742.40,12.00,-457.52
771.65,12.00,-457.52
800.89,11.00,-457.52
830.13,10.00,-457.52
859.37,11.00,-457.52
888.61,11.00,-457.52
917.85,11.00,-457.52
-924.34,44.00,-427.52
-895.10,46.00,-427.52
-865.86,47.00,-427.52
-836.62,49.00,-427.52
-807.38,52.00,-427.52
-778.13,54.00,-427.52
-748.89,55.00,-427.52
-719.65,55.00,-427.52
-690.41,56.00,-427.52
-661.17,57.00,-427.52
-631.93,59.00,-427.52
-602.69,64.00,-427.52
-573.45,70.00,-427.52
-544.21,74.00,-427.52
-514.96,74.00,-427.52
-485.72,71.00,-427.52
-456.48,62.00,-427.52
-427.24,52.00,-427.52
-398.00,48.00,-427.52
-368.76,46.00,-427.52
-339.52,41.00,-427.52
-310.28,37.00,-427.52
-281.04,34.00,-427.52
-251.79,30.00,-427.52
-222.55,27.00,-427.52
-193.31,27.00,-427.52
-164.07,24.00,-427.52
-134.83,22.00,-427.52
-105.59,20.00,-427.52
-76.35,19.00,-427.52
-47.11,18.00,-427.52
-17.86,18.00,-427.52
11.38,19.00,-427.52
40.62,20.00,-427.52
69.86,19.00,-427.52
99.10,16.00,-427.52
128.34,15.00,-427.52
157.58,15.00,-427.52
186.82,11.00,-427.52
216.06,8.00,-427.52
245.31,7.00,-427.52
274.55,8.00,-427.52
303.79,10.00,-427.52
333.03,11.00,-427.52
362.27,11.00,-427.52
391.51,11.00,-427.52
420.75,10.00,-427.52
449.99,11.00,-427.52
479.23,13.00,-427.52
508.48,15.00,-427.52
537.72,14.00,-427.52
566.96,13.00,-427.52
596.20,12.00,-427.52
625.44,12.00,-427.52
654.68,11.00,-427.52
683.92,12.00,-427.52
713.16,12.00,-427.52
742.40,12.00,-427.52
771.65,12.00,-427.52
800.89,12.00,-427.52
830.13,11.00,-427.52
859.37,12.00,-427.52
888.61,13.00,-427.52
917.85,13.00,-427.52
-924.34,44.00,-397.52
-895.10,46.00,-397.52
-865.86,47.00,-397.52
-836.62,48.00,-397.52
-807.38,50.00,-397.52
-778.13,52.00,-397.52
-748.89,53.00,-397.52
-719.65,54.00,-397.52
-690.41,55.00,-397.52
-661.17,57.00,-397.52
-631.93,60.00,-397.52
-602.69,64.00,-397.52
-573.45,67.00,-397.52
-544.21,69.00,-397.52
-514.96,70.00,-397.52
-485.72,66.00,-397.52
-456.48,59.00,-397.52
-427.24,55.00,-397.52
-398.00,52.00,-397.52
-368.76,47.00,-397.52
-339.52,42.00,-397.52
-310.28,39.00,-397.52
-281.04,35.00,-397.52
-251.79,32.00,-397.52
-222.55,29.00,-397.52
-193.31,29.00,-397.52
-164.07,26.00,-397.52
-134.83,22.00,-397.52
-105.59,20.00,-397.52
-76.35,19.00,-397.52
-47.11,20.00,-397.52
-17.86,20.00,-397.52
11.38,22.00,-397.52
40.62,24.00,-397.52
69.86,21.00,-397.52
99.10,18.00,-397.52
128.34,16.00,-397.52
157.58,15.00,-397.52
186.82,12.00,-397.52
216.06,9.00,-397.52
245.31,8.00,-397.52
274.55,8.00,-397.52
303.79,9.00,-397.52
333.03,11.00,-397.52
362.27,12.00,-397.52
391.51,12.00,-397.52
420.75,12.00,-397.52
449.99,13.00,-397.52
479.23,14.00,-397.52
508.48,14.00,-397.52
537.72,14.00,-397.52
566.96,12.00,-397.52
596.20,11.00,-397.52
625.44,10.00,-397.52
654.68,10.00,-397.52
683.92,11.00,-397.52
713.16,13.00,-397.52
742.40,13.00,-397.52
771.65,13.00,-397.52
800.89,12.00,-397.52
830.13,12.00,-397.52
859.37,13.00,-397.52
888.61,14.00,-397.52
917.85,15.00,-397.52
-924.34,43.00,-367.52
-895.10,45.00,-367.52
-865.86,46.00,-367.52
-836.62,48.00,-367.52
-807.38,49.00,-367.52
-778.13,50.00,-367.52
-748.89,51.00,-367.52
-719.65,52.00,-367.52
-690.41,55.00,-367.52
-661.17,57.00,-367.52
-631.93,59.00,-367.52
-602.69,62.00,-367.52
-573.45,64.00,-367.52
-544.21,65.00,-367.52
-514.96,66.00,-367.52
-485.72,64.00,-367.52
-456.48,61.00,-367.52
-427.24,59.00,-367.52
-398.00,56.00,-367.52
-368.76,50.00,-367.52
-339.52,45.00,-367.52
-310.28,41.00,-367.52
-281.04,37.00,-367.52
-251.79,32.00,-367.52
-222.55,28.00,-367.52
-193.31,28.00,-367.52
-164.07,26.00,-367.52
-134.83,22.00,-367.52
-105.59,21.00,-367.52
-76.35,22.00,-367.52
-47.11,22.00,-367.52
-17.86,22.00,-367.52
11.38,24.00,-367.52
40.62,24.00,-367.52
69.86,21.00,-367.52
99.10,19.00,-367.52
128.34,17.00,-367.52
157.58,16.00,-367.52
186.82,14.00,-367.52
216.06,11.00,-367.52
245.31,9.00,-367.52
274.55,8.00,-367.52
303.79,8.00,-367.52
333.03,11.00,-367.52
362.27,13.00,-367.52
391.51,13.00,-367.52
420.75,13.00,-367.52
449.99,13.00,-367.52
479.23,12.00,-367.52
508.48,13.00,-367.52
537.72,12.00,-367.52
566.96,12.00,-367.52
596.20,11.00,-367.52
625.44,9.00,-367.52
654.68,10.00,-367.52
683.92,12.00,-367.52
713.16,14.00,-367.52
742.40,13.00,-367.52
771.65,13.00,-367.52
800.89,12.00,-367.52
830.13,12.00,-367.52
859.37,13.00,-367.52
888.61,14.00,-367.52
917.85,14.00,-367.52
-924.34,42.00,-337.52
-895.10,43.00,-337.52
-865.86,45.00,-337.52
-836.62,47.00,-337.52
-807.38,49.00,-337.52
-778.13,50.00,-337.52
-748.89,51.00,-337.52
-719.65,52.00,-337.52
-690.41,54.00,-337.52
-661.17,56.00,-337.52
-631.93,58.00,-337.52
-602.69,60.00,-337.52
-573.45,62.00,-337.52
-544.21,62.00,-337.52
-514.96,63.00,-337.52
-485.72,63.00,-337.52
-456.48,63.00,-337.52
-427.24,64.00,-337.52
-398.00,63.00,-337.52
-368.76,59.00,-337.52
-339.52,49.00,-337.52
-310.28,42.00,-337.52
-281.04,38.00,-337.52
-251.79,32.00,-337.52
-222.55,28.00,-337.52
-193.31,28.00,-337.52
-164.07,26.00,-337.52
-134.83,23.00,-337.52
-105.59,22.00,-337.52
-76.35,23.00,-337.52
-47.11,23.00,-337.52
-17.86,23.00,-337.52
11.38,24.00,-337.52
40.62,24.00,-337.52
69.86,21.00,-337.52
99.10,19.00,-337.52
128.34,18.00,-337.52
157.58,17.00,-337.52
186.82,14.00,-337.52
216.06,12.00,-337.52
245.31,10.00,-337.52
274.55,9.00,-337.52
303.79,9.00,-337.52
333.03,11.00,-337.52
362.27,13.00,-337.52
391.51,13.00,-337.52
420.75,12.00,-337.52
449.99,12.00,-337.52
479.23,12.00,-337.52
508.48,11.00,-337.52
537.72,13.00,-337.52
566.96,13.00,-337.52
596.20,11.00,-337.52
625.44,9.00,-337.52
654.68,10.00,-337.52
683.92,12.00,-337.52
713.16,14.00,-337.52
742.40,13.00,-337.52
771.65,13.00,-337.52
800.89,13.00,-337.52
830.13,13.00,-337.52
859.37,13.00,-337.52
888.61,13.00,-337.52
917.85,13.00,-337.52
-924.34,42.00,-307.52
-895.10,43.00,-307.52
-865.86,45.00,-307.52
-836.62,47.00,-307.52
-807.38,50.00,-307.52
-778.13,51.00,-307.52
-748.89,51.00,-307.52
-719.65,51.00,-307.52
-690.41,52.00,-307.52
-661.17,55.00,-307.52
-631.93,58.00,-307.52
-602.69,60.00,-307.52
-573.45,60.00,-307.52
-544.21,61.00,-307.52
-514.96,62.00,-307.52
-485.72,64.00,-307.52
-456.48,67.00,-307.52
-427.24,69.00,-307.52
-398.00,70.00,-307.52
-368.76,66.00,-307.52
-339.52,53.00,-307.52
-310.28,45.00,-307.52
-281.04,41.00,-307.52
-251.79,36.00,-307.52
-222.55,31.00,-307.52
-193.31,31.00,-307.52
-164.07,28.00,-307.52
-134.83,23.00,-307.52
-105.59,21.00,-307.52
-76.35,22.00,-307.52
-47.11,24.00,-307.52
-17.86,25.00,-307.52
11.38,25.00,-307.52
40.62,24.00,-307.52
69.86,21.00,-307.52
99.10,19.00,-307.52
128.34,18.00,-307.52
157.58,16.00,-307.52
186.82,14.00,-307.52
216.06,13.00,-307.52
245.31,12.00,-307.52
274.55,12.00,-307.52
303.79,10.00,-307.52
333.03,10.00,-307.52
362.27,12.00,-307.52
391.51,12.00,-307.52
420.75,12.00,-307.52
449.99,12.00,-307.52
479.23,12.00,-307.52
508.48,13.00,-307.52
537.72,13.00,-307.52
566.96,13.00,-307.52
596.20,11.00,-307.52
625.44,9.00,-307.52
654.68,9.00,-307.52
683.92,10.00,-307.52
713.16,12.00,-307.52
742.40,13.00,-307.52
771.65,13.00,-307.52
800.89,12.00,-307.52
830.13,13.00,-307.52
859.37,14.00,-307.52
888.61,13.00,-307.52
917.85,12.00,-307.52
-924.34,42.00,-277.52
-895.10,44.00,-277.52
-865.86,45.00,-277.52
-836.62,46.00,-277.52
-807.38,49.00,-277.52
-778.13,51.00,-277.52
-748.89,51.00,-277.52
-719.65,53.00,-277.52
-690.41,55.00,-277.52
-661.17,55.00,-277.52
-631.93,59.00,-277.52
-602.69,61.00,-277.52
-573.45,61.00,-277.52
-544.21,61.00,-277.52
-514.96,62.00,-277.52
-485.72,65.00,-277.52
-456.48,68.00,-277.52
-427.24,72.00,-277.52
-398.00,74.00,-277.52
-368.76,70.00,-277.52
-339.52,59.00,-277.52
-310.28,48.00,-277.52
-281.04,43.00,-277.52
-251.79,39.00,-277.52
-222.55,34.00,-277.52
-193.31,34.00,-277.52
-164.07,30.00,-277.52
-134.83,25.00,-277.52
-105.59,23.00,-277.52
-76.35,23.00,-277.52
-47.11,24.00,-277.52
-17.86,26.00,-277.52
11.38,25.00,-277.52
40.62,23.00,-277.52
69.86,20.00,-277.52
99.10,18.00,-277.52
128.34,17.00,-277.52
157.58,16.00,-277.52
186.82,15.00,-277.52
216.06,14.00,-277.52
245.31,13.00,-277.52
274.55,12.00,-277.52
303.79,10.00,-277.52
333.03,9.00,-277.52
362.27,11.00,-277.52
391.51,12.00,-277.52
420.75,12.00,-277.52
449.99,11.00,-277.52
479.23,11.00,-277.52
508.48,12.00,-277.52
537.72,12.00,-277.52
566.96,11.00,-277.52
596.20,10.00,-277.52
625.44,10.00,-277.52
654.68,10.00,-277.52
683.92,10.00,-277.52
713.16,11.00,-277.52
742.40,12.00,-277.52
771.65,12.00,-277.52
800.89,14.00,-277.52
830.13,14.00,-277.52
859.37,13.00,-277.52
888.61,13.00,-277.52
917.85,11.00,-277.52
-924.34,42.00,-247.52
-895.10,44.00,-247.52
-865.86,45.00,-247.52
-836.62,46.00,-247.52
-807.38,47.00,-247.52
-778.13,49.00,-247.52
-748.89,51.00,-247.52
-719.65,55.00,-247.52
-690.41,60.00,-247.52
-661.17,61.00,-247.52
-631.93,61.00,-247.52
-602.69,61.00,-247.52
-573.45,62.00,-247.52
-544.21,61.00,-247.52
-514.96,61.00,-247.52
-485.72,65.00,-247.52
-456.48,68.00,-247.52
-427.24,72.00,-247.52
-398.00,74.00,-247.52
-368.76,72.00,-247.52
-339.52,62.00,-247.52
-310.28,50.00,-247.52
-281.04,46.00,-247.52
-251.79,41.00,-247.52
-222.55,37.00,-247.52
-193.31,37.00,-247.52
-164.07,33.00,-247.52
-134.83,30.00,-247.52
-105.59,26.00,-247.52
-76.35,26.00,-247.52
-47.11,26.00,-247.52
-17.86,26.00,-247.52
11.38,24.00,-247.52
40.62,21.00,-247.52
69.86,19.00,-247.52
99.10,18.00,-247.52
128.34,17.00,-247.52
157.58,17.00,-247.52
186.82,15.00,-247.52
216.06,14.00,-247.52
245.31,13.00,-247.52
274.55,11.00,-247.52
303.79,10.00,-247.52
333.03,9.00,-247.52
362.27,10.00,-247.52
391.51,11.00,-247.52
420.75,11.00,-247.52
449.99,11.00,-247.52
479.23,10.00,-247.52
508.48,10.00,-247.52
537.72,11.00,-247.52
566.96,11.00,-247.52
596.20,11.00,-247.52
625.44,12.00,-247.52
654.68,11.00,-247.52
683.92,10.00,-247.52
713.16,10.00,-247.52
742.40,12.00,-247.52
771.65,12.00,-247.52
800.89,15.00,-247.52
830.13,15.00,-247.52
859.37,13.00,-247.52
888.61,11.00,-247.52
917.85,11.00,-247.52
-924.34,41.00,-217.52
-895.10,43.00,-217.52
-865.86,43.00,-217.52
-836.62,44.00,-217.52
-807.38,45.00,-217.52
-778.13,48.00,-217.52
-748.89,50.00,-217.52
-719.65,56.00,-217.52
-690.41,61.00,-217.52
-661.17,61.00,-217.52
-631.93,61.00,-217.52
-602.69,60.00,-217.52
-573.45,61.00,-217.52
-544.21,60.00,-217.52
-514.96,61.00,-217.52
-485.72,64.00,-217.52
-456.48,68.00,-217.52
-427.24,72.00,-217.52
-398.00,76.00,-217.52
-368.76,73.00,-217.52
-339.52,65.00,-217.52
-310.28,54.00,-217.52
-281.04,49.00,-217.52
-251.79,44.00,-217.52
-222.55,39.00,-217.52
-193.31,39.00,-217.52
-164.07,37.00,-217.52
-134.83,33.00,-217.52
-105.59,30.00,-217.52
-76.35,28.00,-217.52
-47.11,27.00,-217.52
-17.86,26.00,-217.52
11.38,23.00,-217.52
40.62,21.00,-217.52
69.86,21.00,-217.52
99.10,20.00,-217.52
128.34,18.00,-217.52
157.58,16.00,-217.52
186.82,15.00,-217.52
216.06,13.00,-217.52
245.31,12.00,-217.52
274.55,10.00,-217.52
303.79,10.00,-217.52
333.03,10.00,-217.52
362.27,11.00,-217.52
391.51,11.00,-217.52
420.75,11.00,-217.52
449.99,10.00,-217.52
479.23,10.00,-217.52
508.48,10.00,-217.52
537.72,11.00,-217.52
566.96,11.00,-217.52
596.20,12.00,-217.52
625.44,12.00,-217.52
654.68,11.00,-217.52
683.92,11.00,-217.52
713.16,11.00,-217.52
742.40,11.00,-217.52
771.65,11.00,-217.52
800.89,13.00,-217.52
830.13,12.00,-217.52
859.37,11.00,-217.52
888.61,11.00,-217.52
917.85,11.00,-217.52
-924.34,41.00,-187.52
-895.10,42.00,-187.52
-865.86,42.00,-187.52
-836.62,43.00,-187.52
-807.38,45.00,-187.52
-778.13,47.00,-187.52
-748.89,49.00,-187.52
-719.65,52.00,-187.52
-690.41,55.00,-187.52
-661.17,57.00,-187.52
-631.93,58.00,-187.52
-602.69,60.00,-187.52
-573.45,62.00,-187.52
-544.21,62.00,-187.52
-514.96,62.00,-187.52
-485.72,64.00,-187.52
-456.48,69.00,-187.52
-427.24,74.00,-187.52
-398.00,77.00,-187.52
-368.76,77.00,-187.52
-339.52,71.00,-187.52
-310.28,61.00,-187.52
-281.04,52.00,-187.52
-251.79,45.00,-187.52
-222.55,40.00,-187.52
-193.31,40.00,-187.52
-164.07,37.00,-187.52
-134.83,35.00,-187.52
-105.59,32.00,-187.52
-76.35,30.00,-187.52
-47.11,28.00,-187.52
-17.86,26.00,-187.52
11.38,25.00,-187.52
40.62,24.00,-187.52
69.86,22.00,-187.52
99.10,21.00,-187.52
128.34,19.00,-187.52
157.58,17.00,-187.52
186.82,15.00,-187.52
216.06,14.00,-187.52
245.31,12.00,-187.52
274.55,11.00,-187.52
303.79,11.00,-187.52
333.03,11.00,-187.52
362.27,11.00,-187.52
391.51,11.00,-187.52
420.75,10.00,-187.52
449.99,9.00,-187.52
479.23,10.00,-187.52
508.48,10.00,-187.52
537.72,11.00,-187.52
566.96,12.00,-187.52
596.20,12.00,-187.52
625.44,12.00,-187.52
654.68,10.00,-187.52
683.92,10.00,-187.52
713.16,11.00,-187.52
742.40,11.00,-187.52
771.65,11.00,-187.52
800.89,11.00,-187.52
830.13,10.00,-187.52
859.37,9.00,-187.52
888.61,10.00,-187.52
917.85,10.00,-187.52
-924.34,41.00,-157.52
-895.10,41.00,-157.52
-865.86,41.00,-157.52
-836.62,43.00,-157.52
-807.38,45.00,-157.52
-778.13,45.00,-157.52
-748.89,47.00,-157.52
-719.65,48.00,-157.52
-690.41,51.00,-157.52
-661.17,55.00,-157.52
-631.93,57.00,-157.52
-602.69,60.00,-157.52
-573.45,62.00,-157.52
-544.21,62.00,-157.52
-514.96,62.00,-157.52
-485.72,65.00,-157.52
-456.48,70.00,-157.52
-427.24,76.00,-157.52
-398.00,79.00,-157.52
-368.76,80.00,-157.52
-339.52,75.00,-157.52
-310.28,66.00,-157.52
-281.04,55.00,-157.52
-251.79,48.00,-157.52
-222.55,42.00,-157.52
-193.31,42.00,-157.52
-164.07,38.00,-157.52
-134.83,37.00,-157.52
-105.59,34.00,-157.52
-76.35,30.00,-157.52
-47.11,26.00,-157.52
-17.86,26.00,-157.52
11.38,27.00,-157.52
40.62,25.00,-157.52
69.86,24.00,-157.52
99.10,21.00,-157.52
128.34,20.00,-157.52
157.58,18.00,-157.52
186.82,17.00,-157.52
216.06,14.00,-157.52
245.31,12.00,-157.52
274.55,11.00,-157.52
303.79,11.00,-157.52
333.03,12.00,-157.52
362.27,12.00,-157.52
391.51,11.00,-157.52
420.75,10.00,-157.52
449.99,9.00,-157.52
479.23,10.00,-157.52
508.48,11.00,-157.52
537.72,11.00,-157.52
566.96,12.00,-157.52
596.20,12.00,-157.52
625.44,12.00,-157.52
654.68,11.00,-157.52
683.92,11.00,-157.52
713.16,11.00,-157.52
742.40,11.00,-157.52
771.65,11.00,-157.52
800.89,10.00,-157.52
830.13,9.00,-157.52
859.37,9.00,-157.52
888.61,9.00,-157.52
917.85,9.00,-157.52
-924.34,41.00,-127.52
-895.10,41.00,-127.52
-865.86,41.00,-127.52
-836.62,43.00,-127.52
-807.38,43.00,-127.52
-778.13,44.00,-127.52
-748.89,45.00,-127.52
-719.65,46.00,-127.52
-690.41,49.00,-127.52
-661.17,52.00,-127.52
-631.93,55.00,-127.52
-602.69,58.00,-127.52
-573.45,61.00,-127.52
-544.21,61.00,-127.52
-514.96,61.00,-127.52
-485.72,65.00,-127.52
-456.48,72.00,-127.52
-427.24,77.00,-127.52
-398.00,80.00,-127.52
-368.76,80.00,-127.52
-339.52,77.00,-127.52
-310.28,70.00,-127.52
-281.04,58.00,-127.52
-251.79,50.00,-127.52
-222.55,43.00,-127.52
-193.31,43.00,-127.52
-164.07,40.00,-127.52
-134.83,38.00,-127.52
-105.59,35.00,-127.52
-76.35,31.00,-127.52
-47.11,27.00,-127.52
-17.86,25.00,-127.52
11.38,25.00,-127.52
40.62,25.00,-127.52
69.86,22.00,-127.52
99.10,21.00,-127.52
128.34,21.00,-127.52
157.58,20.00,-127.52
186.82,19.00,-127.52
216.06,16.00,-127.52
245.31,14.00,-127.52
274.55,13.00,-127.52
303.79,12.00,-127.52
333.03,12.00,-127.52
362.27,13.00,-127.52
391.51,12.00,-127.52
420.75,10.00,-127.52
449.99,10.00,-127.52
479.23,11.00,-127.52
508.48,11.00,-127.52
537.72,11.00,-127.52
566.96,12.00,-127.52
596.20,12.00,-127.52
625.44,12.00,-127.52
654.68,12.00,-127.52
683.92,13.00,-127.52
713.16,12.00,-127.52
742.40,10.00,-127.52
771.65,10.00,-127.52
800.89,9.00,-127.52
830.13,8.00,-127.52
859.37,9.00,-127.52
888.61,9.00,-127.52
917.85,8.00,-127.52
-924.34,41.00,-97.52
-895.10,41.00,-97.52
-865.86,42.00,-97.52
-836.62,43.00,-97.52
-807.38,43.00,-97.52
-778.13,45.00,-97.52
-748.89,46.00,-97.52
-719.65,48.00,-97.52
-690.41,50.00,-97.52
-661.17,53.00,-97.52
-631.93,56.00,-97.52
-602.69,58.00,-97.52
-573.45,58.00,-97.52
-544.21,59.00,-97.52
-514.96,62.00,-97.52
-485.72,67.00,-97.52
-456.48,73.00,-97.52
-427.24,78.00,-97.52
-398.00,81.00,-97.52
-368.76,81.00,-97.52
-339.52,77.00,-97.52
-310.28,69.00,-97.52
-281.04,60.00,-97.52
-251.79,52.00,-97.52
-222.55,45.00,-97.52
-193.31,45.00,-97.52
-164.07,40.00,-97.52
-134.83,37.00,-97.52
-105.59,36.00,-97.52
-76.35,33.00,-97.52
-47.11,30.00,-97.52
-17.86,27.00,-97.52
11.38,25.00,-97.52
40.62,24.00,-97.52
69.86,22.00,-97.52
99.10,22.00,-97.52
128.34,22.00,-97.52
157.58,21.00,-97.52
186.82,19.00,-97.52
216.06,17.00,-97.52
245.31,16.00,-97.52
274.55,15.00,-97.52
303.79,13.00,-97.52
333.03,13.00,-97.52
362.27,13.00,-97.52
391.51,13.00,-97.52
420.75,12.00,-97.52
449.99,12.00,-97.52
479.23,13.00,-97.52
508.48,12.00,-97.52
537.72,11.00,-97.52
566.96,10.00,-97.52
596.20,11.00,-97.52
625.44,12.00,-97.52
654.68,13.00,-97.52
683.92,13.00,-97.52
713.16,12.00,-97.52
742.40,10.00,-97.52
771.65,10.00,-97.52
800.89,7.00,-97.52
830.13,8.00,-97.52
859.37,9.00,-97.52
888.61,9.00,-97.52
917.85,8.00,-97.52
-924.34,41.00,-67.52
-895.10,41.00,-67.52
-865.86,42.00,-67.52
-836.62,43.00,-67.52
-807.38,44.00,-67.52
-778.13,46.00,-67.52
-748.89,47.00,-67.52
-719.65,49.00,-67.52
-690.41,53.00,-67.52
-661.17,58.00,-67.52
-631.93,60.00,-67.52
-602.69,59.00,-67.52
-573.45,57.00,-67.52
-544.21,57.00,-67.52
-514.96,61.00,-67.52
-485.72,67.00,-67.52
-456.48,73.00,-67.52
-427.24,79.00,-67.52
-398.00,82.00,-67.52
-368.76,81.00,-67.52
-339.52,77.00,-67.52
-310.28,71.00,-67.52
-281.04,62.00,-67.52
-251.79,54.00,-67.52
-222.55,45.00,-67.52
-193.31,45.00,-67.52
-164.07,39.00,-67.52
-134.83,36.00,-67.52
-105.59,35.00,-67.52
-76.35,34.00,-67.52
-47.11,32.00,-67.52
-17.86,29.00,-67.52
11.38,26.00,-67.52
40.62,24.00,-67.52
69.86,22.00,-67.52
99.10,22.00,-67.52
128.34,22.00,-67.52
157.58,21.00,-67.52
186.82,18.00,-67.52
216.06,17.00,-67.52
245.31,17.00,-67.52
274.55,16.00,-67.52
303.79,15.00,-67.52
333.03,14.00,-67.52
362.27,14.00,-67.52
391.51,14.00,-67.52
420.75,13.00,-67.52
449.99,13.00,-67.52
479.23,13.00,-67.52
508.48,13.00,-67.52
537.72,11.00,-67.52
566.96,9.00,-67.52
596.20,10.00,-67.52
625.44,11.00,-67.52
654.68,12.00,-67.52
683.92,12.00,-67.52
713.16,10.00,-67.52
742.40,9.00,-67.52
771.65,9.00,-67.52
800.89,9.00,-67.52
830.13,10.00,-67.52
859.37,11.00,-67.52
888.61,10.00,-67.52
917.85,8.00,-67.52
-924.34,41.00,-37.52
-895.10,41.00,-37.52
-865.86,42.00,-37.52
-836.62,43.00,-37.52
-807.38,44.00,-37.52
-778.13,46.00,-37.52
-748.89,47.00,-37.52
-719.65,49.00,-37.52
-690.41,53.00,-37.52
-661.17,58.00,-37.52
-631.93,60.00,-37.52
-602.69,59.00,-37.52
-573.45,57.00,-37.52
-544.21,57.00,-37.52
-514.96,61.00,-37.52
-485.72,67.00,-37.52
-456.48,73.00,-37.52
-427.24,79.00,-37.52
-398.00,82.00,-37.52
-368.76,81.00,-37.52
-339.52,77.00,-37.52
-310.28,71.00,-37.52
-281.04,62.00,-37.52
-251.79,54.00,-37.52
-222.55,45.00,-37.52
-193.31,45.00,-37.52
-164.07,39.00,-37.52
-134.83,36.00,-37.52
-105.59,35.00,-37.52
-76.35,34.00,-37.52
-47.11,32.00,-37.52
-17.86,29.00,-37.52
11.38,26.00,-37.52
40.62,24.00,-37.52
69.86,22.00,-37.52
99.10,22.00,-37.52
128.34,22.00,-37.52
157.58,21.00,-37.52
186.82,18.00,-37.52
216.06,17.00,-37.52
245.31,17.00,-37.52
274.55,16.00,-37.52
303.79,15.00,-37.52
333.03,14.00,-37.52
362.27,14.00,-37.52
391.51,14.00,-37.52
420.75,13.00,-37.52
449.99,13.00,-37.52
479.23,13.00,-37.52
508.48,13.00,-37.52
537.72,11.00,-37.52
566.96,9.00,-37.52
596.20,10.00,-37.52
625.44,11.00,-37.52
654.68,12.00,-37.52
683.92,12.00,-37.52
713.16,10.00,-37.52
742.40,9.00,-37.52
771.65,9.00,-37.52
800.89,9.00,-37.52
830.13,10.00,-37.52
859.37,11.00,-37.52
888.61,10.00,-37.52
917.85,8.00,-37.52
-924.34,40.00,-7.52
-895.10,41.00,-7.52
-865.86,43.00,-7.52
-836.62,44.00,-7.52
-807.38,44.00,-7.52
-778.13,45.00,-7.52
-748.89,47.00,-7.52
-719.65,50.00,-7.52
-690.41,55.00,-7.52
-661.17,60.00,-7.52
-631.93,63.00,-7.52
-602.69,59.00,-7.52
-573.45,54.00,-7.52
-544.21,55.00,-7.52
-514.96,57.00,-7.52
-485.72,64.00,-7.52
-456.48,72.00,-7.52
-427.24,79.00,-7.52
-398.00,83.00,-7.52
-368.76,82.00,-7.52
-339.52,79.00,-7.52
-310.28,73.00,-7.52
-281.04,65.00,-7.52
-251.79,54.00,-7.52
-222.55,44.00,-7.52
-193.31,44.00,-7.52
-164.07,39.00,-7.52
-134.83,35.00,-7.52
-105.59,34.00,-7.52
-76.35,33.00,-7.52
-47.11,32.00,-7.52
-17.86,30.00,-7.52
11.38,27.00,-7.52
40.62,25.00,-7.52
69.86,23.00,-7.52
99.10,22.00,-7.52
128.34,22.00,-7.52
157.58,21.00,-7.52
186.82,19.00,-7.52
216.06,18.00,-7.52
245.31,17.00,-7.52
274.55,17.00,-7.52
303.79,16.00,-7.52
333.03,16.00,-7.52
362.27,15.00,-7.52
391.51,14.00,-7.52
420.75,12.00,-7.52
449.99,12.00,-7.52
479.23,12.00,-7.52
508.48,12.00,-7.52
537.72,11.00,-7.52
566.96,10.00,-7.52
596.20,10.00,-7.52
625.44,10.00,-7.52
654.68,10.00,-7.52
683.92,10.00,-7.52
713.16,10.00,-7.52
742.40,9.00,-7.52
771.65,9.00,-7.52
800.89,10.00,-7.52
830.13,11.00,-7.52
859.37,10.00,-7.52
888.61,9.00,-7.52
917.85,8.00,-7.52
-924.34,39.00,22.48
-895.10,41.00,22.48
-865.86,42.00,22.48
-836.62,44.00,22.48
-807.38,44.00,22.48
-778.13,45.00,22.48
-748.89,47.00,22.48
-719.65,50.00,22.48
-690.41,53.00,22.48
-661.17,57.00,22.48
-631.93,57.00,22.48
-602.69,55.00,22.48
-573.45,53.00,22.48
-544.21,53.00,22.48
-514.96,55.00,22.48
-485.72,60.00,22.48
-456.48,66.00,22.48
-427.24,78.00,22.48
-398.00,85.00,22.48
-368.76,85.00,22.48
-339.52,81.00,22.48
-310.28,75.00,22.48
-281.04,67.00,22.48
-251.79,57.00,22.48
-222.55,48.00,22.48
-193.31,48.00,22.48
-164.07,42.00,22.48
-134.83,37.00,22.48
-105.59,34.00,22.48
-76.35,32.00,22.48
-47.11,31.00,22.48
-17.86,29.00,22.48
11.38,28.00,22.48
40.62,27.00,22.48
69.86,25.00,22.48
99.10,24.00,22.48
128.34,23.00,22.48
157.58,21.00,22.48
186.82,19.00,22.48
216.06,18.00,22.48
245.31,17.00,22.48
274.55,18.00,22.48
303.79,16.00,22.48
333.03,16.00,22.48
362.27,15.00,22.48
391.51,13.00,22.48
420.75,11.00,22.48
449.99,11.00,22.48
479.23,11.00,22.48
508.48,11.00,22.48
537.72,11.00,22.48
566.96,11.00,22.48
596.20,11.00,22.48
625.44,10.00,22.48
654.68,8.00,22.48
683.92,8.00,22.48
713.16,9.00,22.48
742.40,10.00,22.48
771.65,10.00,22.48
800.89,10.00,22.48
830.13,9.00,22.48
859.37,9.00,22.48
888.61,9.00,22.48
917.85,8.00,22.48
-924.34,39.00,52.48
-895.10,40.00,52.48
-865.86,41.00,52.48
-836.62,43.00,52.48
-807.38,43.00,52.48
-778.13,43.00,52.48
-748.89,45.00,52.48
-719.65,48.00,52.48
-690.41,51.00,52.48
-661.17,52.00,52.48
-631.93,52.00,52.48
-602.69,52.00,52.48
-573.45,52.00,52.48
-544.21,53.00,52.48
-514.96,54.00,52.48
-485.72,58.00,52.48
-456.48,64.00,52.48
-427.24,75.00,52.48
-398.00,84.00,52.48
-368.76,89.00,52.48
-339.52,85.00,52.48
-310.28,78.00,52.48
-281.04,71.00,52.48
-251.79,62.00,52.48
-222.55,55.00,52.48
-193.31,55.00,52.48
-164.07,48.00,52.48
-134.83,42.00,52.48
-105.59,36.00,52.48
-76.35,33.00,52.48
-47.11,31.00,52.48
-17.86,30.00,52.48
11.38,29.00,52.48
40.62,29.00,52.48
69.86,27.00,52.48
99.10,25.00,52.48
128.34,23.00,52.48
157.58,21.00,52.48
186.82,19.00,52.48
216.06,17.00,52.48
245.31,17.00,52.48
274.55,18.00,52.48
303.79,17.00,52.48
333.03,15.00,52.48
362.27,14.00,52.48
391.51,13.00,52.48
420.75,11.00,52.48
449.99,11.00,52.48
479.23,11.00,52.48
508.48,11.00,52.48
537.72,11.00,52.48
566.96,11.00,52.48
596.20,11.00,52.48
625.44,9.00,52.48
654.68,8.00,52.48
683.92,8.00,52.48
713.16,9.00,52.48
742.40,12.00,52.48
771.65,12.00,52.48
800.89,12.00,52.48
830.13,10.00,52.48
859.37,10.00,52.48
888.61,11.00,52.48
917.85,8.00,52.48
-924.34,39.00,82.48
-895.10,39.00,82.48
-865.86,40.00,82.48
-836.62,42.00,82.48
-807.38,42.00,82.48
-778.13,42.00,82.48
-748.89,42.00,82.48
-719.65,44.00,82.48
-690.41,47.00,82.48
-661.17,48.00,82.48
-631.93,49.00,82.48
-602.69,51.00,82.48
-573.45,52.00,82.48
-544.21,53.00,82.48
-514.96,54.00,82.48
-485.72,57.00,82.48
-456.48,62.00,82.48
-427.24,70.00,82.48
-398.00,81.00,82.48
-368.76,90.00,82.48
-339.52,89.00,82.48
-310.28,83.00,82.48
-281.04,76.00,82.48
-251.79,70.00,82.48
-222.55,58.00,82.48
-193.31,58.00,82.48
-164.07,50.00,82.48
-134.83,42.00,82.48
-105.59,36.00,82.48
-76.35,32.00,82.48
-47.11,31.00,82.48
-17.86,30.00,82.48
11.38,30.00,82.48
40.62,29.00,82.48
69.86,28.00,82.48
99.10,25.00,82.48
128.34,24.00,82.48
157.58,22.00,82.48
186.82,19.00,82.48
216.06,18.00,82.48
245.31,18.00,82.48
274.55,18.00,82.48
303.79,16.00,82.48
333.03,15.00,82.48
362.27,14.00,82.48
391.51,13.00,82.48
420.75,11.00,82.48
449.99,12.00,82.48
479.23,12.00,82.48
508.48,12.00,82.48
537.72,11.00,82.48
566.96,11.00,82.48
596.20,10.00,82.48
625.44,9.00,82.48
654.68,8.00,82.48
683.92,8.00,82.48
713.16,12.00,82.48
742.40,14.00,82.48
771.65,14.00,82.48
800.89,12.00,82.48
830.13,10.00,82.48
859.37,11.00,82.48
888.61,11.00,82.48
917.85,9.00,82.48
-924.34,37.00,112.48
-895.10,37.00,112.48
-865.86,38.00,112.48
-836.62,40.00,112.48
-807.38,41.00,112.48
-778.13,41.00,112.48
-748.89,41.00,112.48
-719.65,44.00,112.48
-690.41,46.00,112.48
-661.17,46.00,112.48
-631.93,47.00,112.48
-602.69,50.00,112.48
-573.45,52.00,112.48
-544.21,53.00,112.48
-514.96,55.00,112.48
-485.72,58.00,112.48
-456.48,62.00,112.48
-427.24,69.00,112.48
-398.00,80.00,112.48
-368.76,90.00,112.48
-339.52,92.00,112.48
-310.28,86.00,112.48
-281.04,78.00,112.48
-251.79,71.00,112.48
-222.55,58.00,112.48
-193.31,58.00,112.48
-164.07,48.00,112.48
-134.83,42.00,112.48
-105.59,35.00,112.48
-76.35,33.00,112.48
-47.11,33.00,112.48
-17.86,31.00,112.48
11.38,30.00,112.48
40.62,29.00,112.48
69.86,27.00,112.48
99.10,25.00,112.48
128.34,23.00,112.48
157.58,22.00,112.48
186.82,20.00,112.48
216.06,19.00,112.48
245.31,18.00,112.48
274.55,18.00,112.48
303.79,16.00,112.48
333.03,16.00,112.48
362.27,15.00,112.48
391.51,14.00,112.48
420.75,13.00,112.48
449.99,14.00,112.48
479.23,14.00,112.48
508.48,12.00,112.48
537.72,11.00,112.48
566.96,11.00,112.48
596.20,10.00,112.48
625.44,10.00,112.48
654.68,9.00,112.48
683.92,10.00,112.48
713.16,12.00,112.48
742.40,13.00,112.48
771.65,13.00,112.48
800.89,11.00,112.48
830.13,10.00,112.48
859.37,11.00,112.48
888.61,11.00,112.48
917.85,10.00,112.48
-924.34,35.00,142.48
-895.10,35.00,142.48
-865.86,35.00,142.48
-836.62,36.00,142.48
-807.38,39.00,142.48
-778.13,40.00,142.48
-748.89,41.00,142.48
-719.65,44.00,142.48
-690.41,45.00,142.48
-661.17,42.00,142.48
-631.93,44.00,142.48
-602.69,48.00,142.48
-573.45,51.00,142.48
-544.21,53.00,142.48
-514.96,55.00,142.48
-485.72,57.00,142.48
-456.48,60.00,142.48
-427.24,65.00,142.48
-398.00,76.00,142.48
-368.76,84.00,142.48
-339.52,89.00,142.48
-310.28,88.00,142.48
-281.04,79.00,142.48
-251.79,70.00,142.48
-222.55,57.00,142.48
-193.31,57.00,142.48
-164.07,49.00,142.48
-134.83,42.00,142.48
-105.59,37.00,142.48
-76.35,36.00,142.48
-47.11,35.00,142.48
-17.86,33.00,142.48
11.38,30.00,142.48
40.62,29.00,142.48
69.86,27.00,142.48
99.10,25.00,142.48
128.34,23.00,142.48
157.58,22.00,142.48
186.82,21.00,142.48
216.06,19.00,142.48
245.31,17.00,142.48
274.55,17.00,142.48
303.79,17.00,142.48
333.03,16.00,142.48
362.27,16.00,142.48
391.51,15.00,142.48
420.75,14.00,142.48
449.99,14.00,142.48
479.23,15.00,142.48
508.48,13.00,142.48
537.72,11.00,142.48
566.96,11.00,142.48
596.20,10.00,142.48
625.44,10.00,142.48
654.68,10.00,142.48
683.92,11.00,142.48
713.16,11.00,142.48
742.40,12.00,142.48
771.65,12.00,142.48
800.89,10.00,142.48
830.13,10.00,142.48
859.37,11.00,142.48
888.61,11.00,142.48
917.85,10.00,142.48
-924.34,33.00,172.48
-895.10,33.00,172.48
-865.86,33.00,172.48
-836.62,34.00,172.48
-807.38,37.00,172.48
-778.13,39.00,172.48
-748.89,41.00,172.48
-719.65,43.00,172.48
-690.41,42.00,172.48
-661.17,41.00,172.48
-631.93,43.00,172.48
-602.69,47.00,172.48
-573.45,52.00,172.48
-544.21,54.00,172.48
-514.96,54.00,172.48
-485.72,55.00,172.48
-456.48,58.00,172.48
-427.24,62.00,172.48
-398.00,71.00,172.48
-368.76,78.00,172.48
-339.52,85.00,172.48
-310.28,86.00,172.48
-281.04,80.00,172.48
-251.79,69.00,172.48
-222.55,58.00,172.48
-193.31,58.00,172.48
-164.07,50.00,172.48
-134.83,41.00,172.48
-105.59,38.00,172.48
-76.35,37.00,172.48
-47.11,37.00,172.48
-17.86,35.00,172.48
11.38,33.00,172.48
40.62,30.00,172.48
69.86,28.00,172.48
99.10,26.00,172.48
128.34,24.00,172.48
157.58,23.00,172.48
186.82,22.00,172.48
216.06,20.00,172.48
245.31,18.00,172.48
274.55,18.00,172.48
303.79,17.00,172.48
333.03,17.00,172.48
362.27,16.00,172.48
391.51,14.00,172.48
420.75,13.00,172.48
449.99,14.00,172.48
479.23,14.00,172.48
508.48,14.00,172.48
537.72,11.00,172.48
566.96,10.00,172.48
596.20,10.00,172.48
625.44,11.00,172.48
654.68,11.00,172.48
683.92,11.00,172.48
713.16,10.00,172.48
742.40,11.00,172.48
771.65,11.00,172.48
800.89,11.00,172.48
830.13,10.00,172.48
859.37,12.00,172.48
888.61,12.00,172.48
917.85,10.00,172.48
-924.34,32.00,202.48
-895.10,32.00,202.48
-865.86,33.00,202.48
-836.62,34.00,202.48
-807.38,37.00,202.48
-778.13,40.00,202.48
-748.89,42.00,202.48
-719.65,43.00,202.48
-690.41,44.00,202.48
-661.17,42.00,202.48
-631.93,43.00,202.48
-602.69,47.00,202.48
-573.45,50.00,202.48
-544.21,51.00,202.48
-514.96,52.00,202.48
-485.72,54.00,202.48
-456.48,59.00,202.48
-427.24,61.00,202.48
-398.00,66.00,202.48
-368.76,72.00,202.48
-339.52,80.00,202.48
-310.28,80.00,202.48
-281.04,74.00,202.48
-251.79,66.00,202.48
-222.55,58.00,202.48
-193.31,58.00,202.48
-164.07,49.00,202.48
-134.83,42.00,202.48
-105.59,39.00,202.48
-76.35,38.00,202.48
-47.11,38.00,202.48
-17.86,37.00,202.48
11.38,36.00,202.48
40.62,33.00,202.48
69.86,29.00,202.48
99.10,26.00,202.48
128.34,25.00,202.48
157.58,24.00,202.48
186.82,23.00,202.48
216.06,21.00,202.48
245.31,20.00,202.48
274.55,18.00,202.48
303.79,17.00,202.48
333.03,16.00,202.48
362.27,14.00,202.48
391.51,13.00,202.48
420.75,12.00,202.48
449.99,12.00,202.48
479.23,14.00,202.48
508.48,14.00,202.48
537.72,11.00,202.48
566.96,11.00,202.48
596.20,12.00,202.48
625.44,13.00,202.48
654.68,14.00,202.48
683.92,13.00,202.48
713.16,11.00,202.48
742.40,11.00,202.48
771.65,11.00,202.48
800.89,11.00,202.48
830.13,10.00,202.48
859.37,11.00,202.48
888.61,12.00,202.48
917.85,10.00,202.48
-924.34,30.00,232.48
-895.10,31.00,232.48
-865.86,34.00,232.48
-836.62,35.00,232.48
-807.38,36.00,232.48
-778.13,38.00,232.48
-748.89,40.00,232.48
-719.65,42.00,232.48
-690.41,43.00,232.48
-661.17,43.00,232.48
-631.93,44.00,232.48
-602.69,47.00,232.48
-573.45,49.00,232.48
-544.21,48.00,232.48
-514.96,49.00,232.48
-485.72,53.00,232.48
-456.48,58.00,232.48
-427.24,59.00,232.48
-398.00,61.00,232.48
-368.76,68.00,232.48
-339.52,73.00,232.48
-310.28,71.00,232.48
-281.04,67.00,232.48
-251.79,61.00,232.48
-222.55,54.00,232.48
-193.31,54.00,232.48
-164.07,48.00,232.48
-134.83,43.00,232.48
-105.59,39.00,232.48
-76.35,39.00,232.48
-47.11,37.00,232.48
-17.86,36.00,232.48
11.38,36.00,232.48
40.62,33.00,232.48
69.86,29.00,232.48
99.10,27.00,232.48
128.34,26.00,232.48
157.58,25.00,232.48
186.82,23.00,232.48
216.06,22.00,232.48
245.31,20.00,232.48
274.55,19.00,232.48
303.79,17.00,232.48
333.03,15.00,232.48
362.27,15.00,232.48
391.51,13.00,232.48
420.75,12.00,232.48
449.99,12.00,232.48
479.23,14.00,232.48
508.48,15.00,232.48
537.72,16.00,232.48
566.96,14.00,232.48
596.20,14.00,232.48
625.44,15.00,232.48
654.68,15.00,232.48
683.92,14.00,232.48
713.16,13.00,232.48
742.40,12.00,232.48
771.65,12.00,232.48
800.89,12.00,232.48
830.13,11.00,232.48
859.37,12.00,232.48
888.61,12.00,232.48
917.85,11.00,232.48
-924.34,31.00,262.48
-895.10,32.00,262.48
-865.86,34.00,262.48
-836.62,36.00,262.48
-807.38,36.00,262.48
-778.13,36.00,262.48
-748.89,38.00,262.48
-719.65,40.00,262.48
-690.41,41.00,262.48
-661.17,42.00,262.48
-631.93,44.00,262.48
-602.69,46.00,262.48
-573.45,46.00,262.48
-544.21,46.00,262.48
-514.96,47.00,262.48
-485.72,49.00,262.48
-456.48,50.00,262.48
-427.24,52.00,262.48
-398.00,56.00,262.48
-368.76,61.00,262.48
-339.52,64.00,262.48
-310.28,62.00,262.48
-281.04,58.00,262.48
-251.79,54.00,262.48
-222.55,47.00,262.48
-193.31,47.00,262.48
-164.07,44.00,262.48
-134.83,41.00,262.48
-105.59,38.00,262.48
-76.35,36.00,262.48
-47.11,34.00,262.48
-17.86,32.00,262.48
11.38,32.00,262.48
40.62,31.00,262.48
69.86,29.00,262.48
99.10,28.00,262.48
128.34,26.00,262.48
157.58,24.00,262.48
186.82,23.00,262.48
216.06,21.00,262.48
245.31,20.00,262.48
274.55,19.00,262.48
303.79,17.00,262.48
333.03,16.00,262.48
362.27,16.00,262.48
391.51,15.00,262.48
420.75,13.00,262.48
449.99,13.00,262.48
479.23,14.00,262.48
508.48,18.00,262.48
537.72,19.00,262.48
566.96,17.00,262.48
596.20,17.00,262.48
625.44,17.00,262.48
654.68,16.00,262.48
683.92,15.00,262.48
713.16,14.00,262.48
742.40,14.00,262.48
771.65,14.00,262.48
800.89,13.00,262.48
830.13,12.00,262.48
859.37,12.00,262.48
888.61,12.00,262.48
917.85,11.00,262.48
-924.34,32.00,292.48
-895.10,32.00,292.48
-865.86,34.00,292.48
-836.62,35.00,292.48
-807.38,36.00,292.48
-778.13,36.00,292.48
-748.89,38.00,292.48
-719.65,39.00,292.48
-690.41,40.00,292.48
-661.17,42.00,292.48
-631.93,45.00,292.48
-602.69,46.00,292.48
-573.45,46.00,292.48
-544.21,45.00,292.48
-514.96,45.00,292.48
-485.72,46.00,292.48
-456.48,47.00,292.48
-427.24,49.00,292.48
-398.00,51.00,292.48
-368.76,55.00,292.48
-339.52,56.00,292.48
-310.28,54.00,292.48
-281.04,52.00,292.48
-251.79,48.00,292.48
-222.55,43.00,292.48
-193.31,43.00,292.48
-164.07,40.00,292.48
-134.83,37.00,292.48
-105.59,36.00,292.48
-76.35,34.00,292.48
-47.11,33.00,292.48
-17.86,31.00,292.48
11.38,30.00,292.48
40.62,29.00,292.48
69.86,29.00,292.48
99.10,28.00,292.48
128.34,25.00,292.48
157.58,23.00,292.48
186.82,23.00,292.48
216.06,22.00,292.48
245.31,20.00,292.48
274.55,19.00,292.48
303.79,18.00,292.48
333.03,18.00,292.48
362.27,18.00,292.48
391.51,16.00,292.48
420.75,14.00,292.48
449.99,14.00,292.48
479.23,16.00,292.48
508.48,17.00,292.48
537.72,19.00,292.48
566.96,19.00,292.48
596.20,19.00,292.48
625.44,19.00,292.48
654.68,19.00,292.48
683.92,16.00,292.48
713.16,14.00,292.48
742.40,14.00,292.48
771.65,14.00,292.48
800.89,13.00,292.48
830.13,12.00,292.48
859.37,13.00,292.48
888.61,12.00,292.48
917.85,12.00,292.48
-924.34,31.00,322.49
-895.10,33.00,322.49
-865.86,33.00,322.49
-836.62,34.00,322.49
-807.38,35.00,322.49
-778.13,36.00,322.49
-748.89,37.00,322.49
-719.65,39.00,322.49
-690.41,40.00,322.49
-661.17,41.00,322.49
-631.93,44.00,322.49
-602.69,46.00,322.49
-573.45,46.00,322.49
-544.21,45.00,322.49
-514.96,43.00,322.49
-485.72,44.00,322.49
-456.48,46.00,322.49
-427.24,47.00,322.49
-398.00,48.00,322.49
-368.76,51.00,322.49
-339.52,51.00,322.49
-310.28,48.00,322.49
-281.04,45.00,322.49
-251.79,44.00,322.49
-222.55,41.00,322.49
-193.31,41.00,322.49
-164.07,38.00,322.49
-134.83,37.00,322.49
-105.59,36.00,322.49
-76.35,35.00,322.49
-47.11,34.00,322.49
-17.86,31.00,322.49
11.38,29.00,322.49
40.62,28.00,322.49
69.86,28.00,322.49
99.10,28.00,322.49
128.34,26.00,322.49
157.58,25.00,322.49
186.82,24.00,322.49
216.06,24.00,322.49
245.31,21.00,322.49
274.55,19.00,322.49
303.79,19.00,322.49
333.03,19.00,322.49
362.27,18.00,322.49
391.51,16.00,322.49
420.75,14.00,322.49
449.99,15.00,322.49
479.23,17.00,322.49
508.48,18.00,322.49
537.72,19.00,322.49
566.96,19.00,322.49
596.20,19.00,322.49
625.44,20.00,322.49
654.68,20.00,322.49
683.92,15.00,322.49
713.16,12.00,322.49
742.40,13.00,322.49
771.65,13.00,322.49
800.89,13.00,322.49
830.13,12.00,322.49
859.37,12.00,322.49
888.61,12.00,322.49
917.85,13.00,322.49
-924.34,29.00,352.49
-895.10,30.00,352.49
-865.86,31.00,352.49
-836.62,33.00,352.49
-807.38,35.00,352.49
-778.13,35.00,352.49
-748.89,35.00,352.49
-719.65,37.00,352.49
-690.41,38.00,352.49
-661.17,38.00,352.49
-631.93,40.00,352.49
-602.69,43.00,352.49
-573.45,45.00,352.49
-544.21,44.00,352.49
-514.96,42.00,352.49
-485.72,42.00,352.49
-456.48,44.00,352.49
-427.24,46.00,352.49
-398.00,47.00,352.49
-368.76,47.00,352.49
-339.52,47.00,352.49
-310.28,44.00,352.49
-281.04,43.00,352.49
-251.79,42.00,352.49
-222.55,41.00,352.49
-193.31,41.00,352.49
-164.07,39.00,352.49
-134.83,37.00,352.49
-105.59,36.00,352.49
-76.35,36.00,352.49
-47.11,35.00,352.49
-17.86,32.00,352.49
11.38,29.00,352.49
40.62,28.00,352.49
69.86,28.00,352.49
99.10,29.00,352.49
128.34,28.00,352.49
157.58,25.00,352.49
186.82,25.00,352.49
216.06,25.00,352.49
245.31,21.00,352.49
274.55,19.00,352.49
303.79,19.00,352.49
333.03,18.00,352.49
362.27,18.00,352.49
391.51,17.00,352.49
420.75,15.00,352.49
449.99,15.00,352.49
479.23,16.00,352.49
508.48,16.00,352.49
537.72,17.00,352.49
566.96,18.00,352.49
596.20,18.00,352.49
625.44,19.00,352.49
654.68,18.00,352.49
683.92,13.00,352.49
713.16,12.00,352.49
742.40,14.00,352.49
771.65,14.00,352.49
800.89,14.00,352.49
830.13,11.00,352.49
859.37,11.00,352.49
888.61,12.00,352.49
917.85,15.00,352.49
-924.34,27.00,382.49
-895.10,28.00,382.49
-865.86,30.00,382.49
-836.62,32.00,382.49
-807.38,34.00,382.49
-778.13,33.00,382.49
-748.89,33.00,382.49
-719.65,35.00,382.49
-690.41,37.00,382.49
-661.17,37.00,382.49
-631.93,38.00,382.49
-602.69,39.00,382.49
-573.45,41.00,382.49
-544.21,41.00,382.49
-514.96,40.00,382.49
-485.72,40.00,382.49
-456.48,43.00,382.49
-427.24,45.00,382.49
-398.00,45.00,382.49
-368.76,44.00,382.49
-339.52,44.00,382.49
-310.28,44.00,382.49
-281.04,42.00,382.49
-251.79,42.00,382.49
-222.55,41.00,382.49
-193.31,41.00,382.49
-164.07,40.00,382.49
-134.83,37.00,382.49
-105.59,35.00,382.49
-76.35,36.00,382.49
-47.11,36.00,382.49
-17.86,33.00,382.49
11.38,30.00,382.49
40.62,28.00,382.49
69.86,28.00,382.49
99.10,28.00,382.49
128.34,27.00,382.49
157.58,25.00,382.49
186.82,24.00,382.49
216.06,24.00,382.49
245.31,21.00,382.49
274.55,19.00,382.49
303.79,19.00,382.49
333.03,18.00,382.49
362.27,18.00,382.49
391.51,18.00,382.49
420.75,17.00,382.49
449.99,15.00,382.49
479.23,15.00,382.49
508.48,15.00,382.49
537.72,17.00,382.49
566.96,17.00,382.49
596.20,17.00,382.49
625.44,18.00,382.49
654.68,17.00,382.49
683.92,14.00,382.49
713.16,13.00,382.49
742.40,16.00,382.49
771.65,16.00,382.49
800.89,14.00,382.49
830.13,11.00,382.49
859.37,11.00,382.49
888.61,13.00,382.49
917.85,15.00,382.49
-924.34,27.00,412.49
-895.10,28.00,412.49
-865.86,29.00,412.49
-836.62,30.00,412.49
-807.38,31.00,412.49
-778.13,32.00,412.49
-748.89,32.00,412.49
-719.65,33.00,412.49
-690.41,35.00,412.49
-661.17,36.00,412.49
-631.93,37.00,412.49
-602.69,37.00,412.49
-573.45,37.00,412.49
-544.21,38.00,412.49
-514.96,38.00,412.49
-485.72,39.00,412.49
-456.48,42.00,412.49
-427.24,44.00,412.49
-398.00,43.00,412.49
-368.76,41.00,412.49
-339.52,41.00,412.49
-310.28,42.00,412.49
-281.04,42.00,412.49
-251.79,42.00,412.49
-222.55,41.00,412.49
-193.31,41.00,412.49
-164.07,38.00,412.49
-134.83,36.00,412.49
-105.59,35.00,412.49
-76.35,35.00,412.49
-47.11,35.00,412.49
-17.86,34.00,412.49
11.38,31.00,412.49
40.62,29.00,412.49
69.86,28.00,412.49
99.10,27.00,412.49
128.34,26.00,412.49
157.58,24.00,412.49
186.82,24.00,412.49
216.06,24.00,412.49
245.31,21.00,412.49
274.55,20.00,412.49
303.79,20.00,412.49
333.03,19.00,412.49
362.27,19.00,412.49
391.51,19.00,412.49
420.75,18.00,412.49
449.99,17.00,412.49
479.23,18.00,412.49
508.48,18.00,412.49
537.72,18.00,412.49
566.96,17.00,412.49
596.20,16.00,412.49
625.44,17.00,412.49
654.68,17.00,412.49
683.92,14.00,412.49
713.16,14.00,412.49
742.40,16.00,412.49
771.65,16.00,412.49
800.89,13.00,412.49
830.13,11.00,412.49
859.37,11.00,412.49
888.61,12.00,412.49
917.85,14.00,412.49
-924.34,27.00,442.49
-895.10,27.00,442.49
-865.86,27.00,442.49
-836.62,28.00,442.49
-807.38,29.00,442.49
-778.13,30.00,442.49
-748.89,31.00,442.49
-719.65,32.00,442.49
-690.41,33.00,442.49
-661.17,34.00,442.49
-631.93,35.00,442.49
-602.69,35.00,442.49
-573.45,35.00,442.49
-544.21,36.00,442.49
-514.96,37.00,442.49
-485.72,38.00,442.49
-456.48,40.00,442.49
-427.24,41.00,442.49
-398.00,39.00,442.49
-368.76,39.00,442.49
-339.52,40.00,442.49
-310.28,40.00,442.49
-281.04,41.00,442.49
-251.79,42.00,442.49
-222.55,41.00,442.49
-193.31,41.00,442.49
-164.07,38.00,442.49
-134.83,36.00,442.49
-105.59,35.00,442.49
-76.35,35.00,442.49
-47.11,35.00,442.49
-17.86,34.00,442.49
11.38,32.00,442.49
40.62,28.00,442.49
69.86,27.00,442.49
99.10,26.00,442.49
128.34,26.00,442.49
157.58,25.00,442.49
186.82,24.00,442.49
216.06,23.00,442.49
245.31,22.00,442.49
274.55,21.00,442.49
303.79,21.00,442.49
333.03,20.00,442.49
362.27,20.00,442.49
391.51,20.00,442.49
420.75,19.00,442.49
449.99,19.00,442.49
479.23,21.00,442.49
508.48,21.00,442.49
537.72,19.00,442.49
566.96,17.00,442.49
596.20,16.00,442.49
625.44,17.00,442.49
654.68,16.00,442.49
683.92,13.00,442.49
713.16,13.00,442.49
742.40,16.00,442.49
771.65,16.00,442.49
800.89,14.00,442.49
830.13,13.00,442.49
859.37,13.00,442.49
888.61,13.00,442.49
917.85,14.00,442.49
-924.34,25.00,472.49
-895.10,26.00,472.49
-865.86,26.00,472.49
-836.62,27.00,472.49
-807.38,28.00,472.49
-778.13,29.00,472.49
-748.89,30.00,472.49
-719.65,31.00,472.49
-690.41,32.00,472.49
-661.17,32.00,472.49
-631.93,33.00,472.49
-602.69,33.00,472.49
-573.45,33.00,472.49
-544.21,34.00,472.49
-514.96,36.00,472.49
-485.72,37.00,472.49
-456.48,38.00,472.49
-427.24,38.00,472.49
-398.00,38.00,472.49
-368.76,39.00,472.49
-339.52,39.00,472.49
-310.28,39.00,472.49
-281.04,40.00,472.49
-251.79,41.00,472.49
-222.55,42.00,472.49
-193.31,42.00,472.49
-164.07,39.00,472.49
-134.83,37.00,472.49
-105.59,35.00,472.49
-76.35,35.00,472.49
-47.11,35.00,472.49
-17.86,34.00,472.49
11.38,31.00,472.49
40.62,29.00,472.49
69.86,27.00,472.49
99.10,27.00,472.49
128.34,26.00,472.49
157.58,25.00,472.49
186.82,24.00,472.49
216.06,23.00,472.49
245.31,23.00,472.49
274.55,23.00,472.49
303.79,21.00,472.49
333.03,21.00,472.49
362.27,21.00,472.49
391.51,21.00,472.49
420.75,20.00,472.49
449.99,20.00,472.49
479.23,21.00,472.49
508.48,22.00,472.49
537.72,20.00,472.49
566.96,18.00,472.49
596.20,17.00,472.49
625.44,18.00,472.49
654.68,17.00,472.49
683.92,15.00,472.49
713.16,15.00,472.49
742.40,17.00,472.49
771.65,17.00,472.49
800.89,18.00,472.49
830.13,18.00,472.49
859.37,18.00,472.49
888.61,17.00,472.49
917.85,19.00,472.49
-924.34,24.00,502.49
-895.10,25.00,502.49
-865.86,24.00,502.49
-836.62,26.00,502.49
-807.38,27.00,502.49
-778.13,29.00,502.49
-748.89,30.00,502.49
-719.65,31.00,502.49
-690.41,31.00,502.49
-661.17,30.00,502.49
-631.93,31.00,502.49
-602.69,32.00,502.49
-573.45,33.00,502.49
-544.21,34.00,502.49
-514.96,35.00,502.49
-485.72,36.00,502.49
-456.48,36.00,502.49
-427.24,36.00,502.49
-398.00,39.00,502.49
-368.76,40.00,502.49
-339.52,39.00,502.49
-310.28,39.00,502.49
-281.04,39.00,502.49
-251.79,40.00,502.49
-222.55,42.00,502.49
-193.31,42.00,502.49
-164.07,41.00,502.49
-134.83,38.00,502.49
-105.59,36.00,502.49
-76.35,36.00,502.49
-47.11,35.00,502.49
-17.86,33.00,502.49
11.38,32.00,502.49
40.62,31.00,502.49
69.86,29.00,502.49
99.10,28.00,502.49
128.34,26.00,502.49
157.58,24.00,502.49
186.82,24.00,502.49
216.06,25.00,502.49
245.31,26.00,502.49
274.55,24.00,502.49
303.79,21.00,502.49
333.03,20.00,502.49
362.27,21.00,502.49
391.51,21.00,502.49
420.75,21.00,502.49
449.99,20.00,502.49
479.23,21.00,502.49
508.48,22.00,502.49
537.72,22.00,502.49
566.96,20.00,502.49
596.20,18.00,502.49
625.44,18.00,502.49
654.68,18.00,502.49
683.92,18.00,502.49
713.16,19.00,502.49
742.40,19.00,502.49
771.65,19.00,502.49
800.89,21.00,502.49
830.13,23.00,502.49
859.37,24.00,502.49
888.61,24.00,502.49
917.85,26.00,502.49
-924.34,24.00,532.49
-895.10,24.00,532.49
-865.86,24.00,532.49
-836.62,25.00,532.49
-807.38,26.00,532.49
-778.13,28.00,532.49
-748.89,29.00,532.49
-719.65,29.00,532.49
-690.41,30.00,532.49
-661.17,30.00,532.49
-631.93,30.00,532.49
-602.69,31.00,532.49
-573.45,32.00,532.49
-544.21,32.00,532.49
-514.96,33.00,532.49
-485.72,34.00,532.49
-456.48,35.00,532.49
-427.24,36.00,532.49
-398.00,40.00,532.49
-368.76,41.00,532.49
-339.52,40.00,532.49
-310.28,38.00,532.49
-281.04,37.00,532.49
-251.79,38.00,532.49
-222.55,40.00,532.49
-193.31,40.00,532.49
-164.07,40.00,532.49
-134.83,39.00,532.49
-105.59,38.00,532.49
-76.35,36.00,532.49
-47.11,35.00,532.49
-17.86,34.00,532.49
11.38,33.00,532.49
40.62,32.00,532.49
69.86,30.00,532.49
99.10,28.00,532.49
128.34,27.00,532.49
157.58,25.00,532.49
186.82,25.00,532.49
216.06,27.00,532.49
245.31,25.00,532.49
274.55,23.00,532.49
303.79,21.00,532.49
333.03,20.00,532.49
362.27,20.00,532.49
391.51,20.00,532.49
420.75,20.00,532.49
449.99,20.00,532.49
479.23,21.00,532.49
508.48,22.00,532.49
537.72,23.00,532.49
566.96,21.00,532.49
596.20,18.00,532.49
625.44,17.00,532.49
654.68,21.00,532.49
683.92,22.00,532.49
713.16,23.00,532.49
742.40,23.00,532.49
771.65,23.00,532.49
800.89,23.00,532.49
830.13,26.00,532.49
859.37,27.00,532.49
888.61,27.00,532.49
917.85,27.00,532.49
-924.34,23.00,562.49
-895.10,23.00,562.49
-865.86,23.00,562.49
-836.62,24.00,562.49
-807.38,25.00,562.49
-778.13,26.00,562.49
-748.89,27.00,562.49
-719.65,29.00,562.49
-690.41,29.00,562.49
-661.17,29.00,562.49
-631.93,30.00,562.49
-602.69,30.00,562.49
-573.45,30.00,562.49
-544.21,30.00,562.49
-514.96,31.00,562.49
-485.72,33.00,562.49
-456.48,34.00,562.49
-427.24,35.00,562.49
-398.00,38.00,562.49
-368.76,39.00,562.49
-339.52,38.00,562.49
-310.28,38.00,562.49
-281.04,38.00,562.49
-251.79,37.00,562.49
-222.55,39.00,562.49
-193.31,39.00,562.49
-164.07,42.00,562.49
-134.83,42.00,562.49
-105.59,42.00,562.49
-76.35,40.00,562.49
-47.11,37.00,562.49
-17.86,35.00,562.49
11.38,34.00,562.49
40.62,34.00,562.49
69.86,31.00,562.49
99.10,28.00,562.49
128.34,26.00,562.49
157.58,26.00,562.49
186.82,27.00,562.49
216.06,27.00,562.49
245.31,24.00,562.49
274.55,22.00,562.49
303.79,22.00,562.49
333.03,20.00,562.49
362.27,20.00,562.49
391.51,20.00,562.49
420.75,19.00,562.49
449.99,19.00,562.49
479.23,20.00,562.49
508.48,22.00,562.49
537.72,23.00,562.49
566.96,22.00,562.49
596.20,20.00,562.49
625.44,21.00,562.49
654.68,23.00,562.49
683.92,26.00,562.49
713.16,27.00,562.49
742.40,27.00,562.49
771.65,27.00,562.49
800.89,25.00,562.49
830.13,25.00,562.49
859.37,24.00,562.49
888.61,23.00,562.49
917.85,21.00,562.49
-924.34,22.00,592.49
-895.10,22.00,592.49
-865.86,23.00,592.49
-836.62,23.00,592.49
-807.38,24.00,592.49
-778.13,26.00,592.49
-748.89,27.00,592.49
-719.65,28.00,592.49
-690.41,28.00,592.49
-661.17,28.00,592.49
-631.93,29.00,592.49
-602.69,29.00,592.49
-573.45,29.00,592.49
-544.21,29.00,592.49
-514.96,31.00,592.49
-485.72,32.00,592.49
-456.48,33.00,592.49
-427.24,34.00,592.49
-398.00,36.00,592.49
-368.76,36.00,592.49
-339.52,37.00,592.49
-310.28,38.00,592.49
-281.04,38.00,592.49
-251.79,38.00,592.49
-222.55,41.00,592.49
-193.31,41.00,592.49
-164.07,44.00,592.49
-134.83,46.00,592.49
-105.59,45.00,592.49
-76.35,41.00,592.49
-47.11,38.00,592.49
-17.86,35.00,592.49
11.38,34.00,592.49
40.62,33.00,592.49
69.86,30.00,592.49
99.10,25.00,592.49
128.34,24.00,592.49
157.58,26.00,592.49
186.82,29.00,592.49
216.06,27.00,592.49
245.31,25.00,592.49
274.55,24.00,592.49
303.79,23.00,592.49
333.03,22.00,592.49
362.27,21.00,592.49
391.51,21.00,592.49
420.75,20.00,592.49
449.99,19.00,592.49
479.23,19.00,592.49
508.48,21.00,592.49
537.72,23.00,592.49
566.96,23.00,592.49
596.20,22.00,592.49
625.44,22.00,592.49
654.68,25.00,592.49
683.92,27.00,592.49
713.16,27.00,592.49
742.40,27.00,592.49
771.65,27.00,592.49
800.89,24.00,592.49
830.13,22.00,592.49
859.37,21.00,592.49
888.61,19.00,592.49
917.85,17.00,592.49
-924.34,20.00,622.49
-895.10,21.00,622.49
-865.86,22.00,622.49
-836.62,21.00,622.49
-807.38,22.00,622.49
-778.13,24.00,622.49
-748.89,26.00,622.49
-719.65,27.00,622.49
-690.41,27.00,622.49
-661.17,27.00,622.49
-631.93,28.00,622.49
-602.69,28.00,622.49
-573.45,29.00,622.49
-544.21,30.00,622.49
-514.96,31.00,622.49
-485.72,32.00,622.49
-456.48,33.00,622.49
-427.24,35.00,622.49
-398.00,35.00,622.49
-368.76,35.00,622.49
-339.52,36.00,622.49
-310.28,38.00,622.49
-281.04,38.00,622.49
-251.79,39.00,622.49
-222.55,40.00,622.49
-193.31,40.00,622.49
-164.07,43.00,622.49
-134.83,45.00,622.49
-105.59,44.00,622.49
-76.35,39.00,622.49
-47.11,36.00,622.49
-17.86,35.00,622.49
11.38,34.00,622.49
40.62,32.00,622.49
69.86,28.00,622.49
99.10,25.00,622.49
128.34,23.00,622.49
157.58,25.00,622.49
186.82,28.00,622.49
216.06,27.00,622.49
245.31,27.00,622.49
274.55,26.00,622.49
303.79,24.00,622.49
333.03,22.00,622.49
362.27,23.00,622.49
391.51,23.00,622.49
420.75,22.00,622.49
449.99,21.00,622.49
479.23,19.00,622.49
508.48,21.00,622.49
537.72,23.00,622.49
566.96,23.00,622.49
596.20,22.00,622.49
625.44,22.00,622.49
654.68,23.00,622.49
683.92,25.00,622.49
713.16,25.00,622.49
742.40,23.00,622.49
771.65,23.00,622.49
800.89,21.00,622.49
830.13,19.00,622.49
859.37,19.00,622.49
888.61,18.00,622.49
917.85,17.00,622.49
-924.34,19.00,652.49
-895.10,20.00,652.49
-865.86,20.00,652.49
-836.62,19.00,652.49
-807.38,20.00,652.49
-778.13,21.00,652.49
-748.89,24.00,652.49
-719.65,25.00,652.49
-690.41,26.00,652.49
-661.17,27.00,652.49
-631.93,27.00,652.49
-602.69,28.00,652.49
-573.45,28.00,652.49
-544.21,29.00,652.49
-514.96,30.00,652.49
-485.72,32.00,652.49
-456.48,33.00,652.49
-427.24,34.00,652.49
-398.00,33.00,652.49
-368.76,34.00,652.49
-339.52,35.00,652.49
-310.28,36.00,652.49
-281.04,37.00,652.49
-251.79,39.00,652.49
-222.55,42.00,652.49
-193.31,42.00,652.49
-164.07,42.00,652.49
-134.83,43.00,652.49
-105.59,42.00,652.49
-76.35,40.00,652.49
-47.11,36.00,652.49
-17.86,34.00,652.49
11.38,34.00,652.49
40.62,31.00,652.49
69.86,29.00,652.49
99.10,26.00,652.49
128.34,24.00,652.49
157.58,24.00,652.49
186.82,25.00,652.49
216.06,24.00,652.49
245.31,24.00,652.49
274.55,24.00,652.49
303.79,23.00,652.49
333.03,23.00,652.49
362.27,23.00,652.49
391.51,24.00,652.49
420.75,23.00,652.49
449.99,22.00,652.49
479.23,21.00,652.49
508.48,22.00,652.49
537.72,23.00,652.49
566.96,23.00,652.49
596.20,21.00,652.49
625.44,20.00,652.49
654.68,20.00,652.49
683.92,22.00,652.49
713.16,23.00,652.49
742.40,22.00,652.49
771.65,22.00,652.49
800.89,19.00,652.49
830.13,19.00,652.49
859.37,19.00,652.49
888.61,19.00,652.49
917.85,18.00,652.49
-924.34,20.00,682.49
-895.10,20.00,682.49
-865.86,20.00,682.49
-836.62,19.00,682.49
-807.38,20.00,682.49
-778.13,21.00,682.49
-748.89,23.00,682.49
-719.65,24.00,682.49
-690.41,25.00,682.49
-661.17,27.00,682.49
-631.93,27.00,682.49
-602.69,28.00,682.49
-573.45,28.00,682.49
-544.21,28.00,682.49
-514.96,29.00,682.49
-485.72,30.00,682.49
-456.48,32.00,682.49
-427.24,32.00,682.49
-398.00,31.00,682.49
-368.76,31.00,682.49
-339.52,34.00,682.49
-310.28,36.00,682.49
-281.04,38.00,682.49
-251.79,42.00,682.49
-222.55,45.00,682.49
-193.31,45.00,682.49
-164.07,46.00,682.49
-134.83,46.00,682.49
-105.59,45.00,682.49
-76.35,41.00,682.49
-47.11,36.00,682.49
-17.86,34.00,682.49
11.38,32.00,682.49
40.62,30.00,682.49
69.86,28.00,682.49
99.10,26.00,682.49
128.34,24.00,682.49
157.58,23.00,682.49
186.82,21.00,682.49
216.06,21.00,682.49
245.31,21.00,682.49
274.55,22.00,682.49
303.79,22.00,682.49
333.03,22.00,682.49
362.27,23.00,682.49
391.51,23.00,682.49
420.75,23.00,682.49
449.99,23.00,682.49
479.23,23.00,682.49
508.48,23.00,682.49
537.72,23.00,682.49
566.96,23.00,682.49
596.20,21.00,682.49
625.44,19.00,682.49
654.68,19.00,682.49
683.92,20.00,682.49
713.16,23.00,682.49
742.40,21.00,682.49
771.65,21.00,682.49
800.89,20.00,682.49
830.13,18.00,682.49
859.37,19.00,682.49
888.61,19.00,682.49
917.85,18.00,682.49
-924.34,20.00,712.49
-895.10,21.00,712.49
-865.86,20.00,712.49
-836.62,21.00,712.49
-807.38,22.00,712.49
-778.13,23.00,712.49
-748.89,24.00,712.49
-719.65,24.00,712.49
-690.41,24.00,712.49
-661.17,25.00,712.49
-631.93,26.00,712.49
-602.69,26.00,712.49
-573.45,27.00,712.49
-544.21,26.00,712.49
-514.96,27.00,712.49
-485.72,29.00,712.49
-456.48,31.00,712.49
-427.24,30.00,712.49
-398.00,29.00,712.49
-368.76,30.00,712.49
-339.52,33.00,712.49
-310.28,35.00,712.49
-281.04,38.00,712.49
-251.79,42.00,712.49
-222.55,47.00,712.49
-193.31,47.00,712.49
-164.07,49.00,712.49
-134.83,50.00,712.49
-105.59,48.00,712.49
-76.35,42.00,712.49
-47.11,37.00,712.49
-17.86,35.00,712.49
11.38,32.00,712.49
40.62,28.00,712.49
69.86,27.00,712.49
99.10,26.00,712.49
128.34,24.00,712.49
157.58,22.00,712.49
186.82,21.00,712.49
216.06,21.00,712.49
245.31,22.00,712.49
274.55,22.00,712.49
303.79,21.00,712.49
333.03,22.00,712.49
362.27,24.00,712.49
391.51,24.00,712.49
420.75,23.00,712.49
449.99,24.00,712.49
479.23,25.00,712.49
508.48,24.00,712.49
537.72,24.00,712.49
566.96,24.00,712.49
596.20,22.00,712.49
625.44,20.00,712.49
654.68,18.00,712.49
683.92,18.00,712.49
713.16,21.00,712.49
742.40,23.00,712.49
771.65,23.00,712.49
800.89,20.00,712.49
830.13,19.00,712.49
859.37,19.00,712.49
888.61,19.00,712.49
917.85,19.00,712.49
-924.34,19.00,742.49
-895.10,20.00,742.49
-865.86,21.00,742.49
-836.62,21.00,742.49
-807.38,21.00,742.49
-778.13,22.00,742.49
-748.89,23.00,742.49
-719.65,22.00,742.49
-690.41,21.00,742.49
-661.17,22.00,742.49
-631.93,23.00,742.49
-602.69,25.00,742.49
-573.45,26.00,742.49
-544.21,27.00,742.49
-514.96,28.00,742.49
-485.72,30.00,742.49
-456.48,31.00,742.49
-427.24,30.00,742.49
-398.00,30.00,742.49
-368.76,30.00,742.49
-339.52,33.00,742.49
-310.28,35.00,742.49
-281.04,37.00,742.49
-251.79,40.00,742.49
-222.55,44.00,742.49
-193.31,44.00,742.49
-164.07,47.00,742.49
-134.83,50.00,742.49
-105.59,48.00,742.49
-76.35,42.00,742.49
-47.11,37.00,742.49
-17.86,35.00,742.49
11.38,32.00,742.49
40.62,28.00,742.49
69.86,27.00,742.49
99.10,25.00,742.49
128.34,23.00,742.49
157.58,23.00,742.49
186.82,22.00,742.49
216.06,22.00,742.49
245.31,23.00,742.49
274.55,23.00,742.49
303.79,21.00,742.49
333.03,22.00,742.49
362.27,23.00,742.49
391.51,23.00,742.49
420.75,24.00,742.49
449.99,26.00,742.49
479.23,27.00,742.49
508.48,25.00,742.49
537.72,24.00,742.49
566.96,23.00,742.49
596.20,20.00,742.49
625.44,19.00,742.49
654.68,17.00,742.49
683.92,17.00,742.49
713.16,20.00,742.49
742.40,21.00,742.49
771.65,21.00,742.49
800.89,20.00,742.49
830.13,20.00,742.49
859.37,19.00,742.49
888.61,18.00,742.49
917.85,17.00,742.49
-924.34,18.00,772.49
-895.10,21.00,772.49
-865.86,21.00,772.49
-836.62,20.00,772.49
-807.38,18.00,772.49
-778.13,19.00,772.49
-748.89,20.00,772.49
-719.65,20.00,772.49
-690.41,20.00,772.49
-661.17,21.00,772.49
-631.93,23.00,772.49
-602.69,25.00,772.49
-573.45,27.00,772.49
-544.21,27.00,772.49
-514.96,28.00,772.49
-485.72,30.00,772.49
-456.48,31.00,772.49
-427.24,31.00,772.49
-398.00,32.00,772.49
-368.76,32.00,772.49
-339.52,33.00,772.49
-310.28,35.00,772.49
-281.04,37.00,772.49
-251.79,38.00,772.49
-222.55,40.00,772.49
-193.31,40.00,772.49
-164.07,44.00,772.49
-134.83,46.00,772.49
-105.59,45.00,772.49
-76.35,39.00,772.49
-47.11,35.00,772.49
-17.86,33.00,772.49
11.38,31.00,772.49
40.62,30.00,772.49
69.86,29.00,772.49
99.10,26.00,772.49
128.34,24.00,772.49
157.58,24.00,772.49
186.82,23.00,772.49
216.06,21.00,772.49
245.31,21.00,772.49
274.55,22.00,772.49
303.79,22.00,772.49
333.03,23.00,772.49
362.27,23.00,772.49
391.51,23.00,772.49
420.75,25.00,772.49
449.99,26.00,772.49
479.23,27.00,772.49
508.48,25.00,772.49
537.72,23.00,772.49
566.96,20.00,772.49
596.20,18.00,772.49
625.44,17.00,772.49
654.68,18.00,772.49
683.92,18.00,772.49
713.16,17.00,772.49
742.40,16.00,772.49
771.65,16.00,772.49
800.89,18.00,772.49
830.13,19.00,772.49
859.37,17.00,772.49
888.61,16.00,772.49
917.85,15.00,772.49
-924.34,17.00,802.49
-895.10,19.00,802.49
-865.86,21.00,802.49
-836.62,19.00,802.49
-807.38,17.00,802.49
-778.13,17.00,802.49
-748.89,18.00,802.49
-719.65,18.00,802.49
-690.41,19.00,802.49
-661.17,21.00,802.49
-631.93,23.00,802.49
-602.69,25.00,802.49
-573.45,27.00,802.49
-544.21,26.00,802.49
-514.96,25.00,802.49
-485.72,28.00,802.49
-456.48,30.00,802.49
-427.24,31.00,802.49
-398.00,33.00,802.49
-368.76,32.00,802.49
-339.52,33.00,802.49
-310.28,34.00,802.49
-281.04,35.00,802.49
-251.79,35.00,802.49
-222.55,37.00,802.49
-193.31,37.00,802.49
-164.07,40.00,802.49
-134.83,41.00,802.49
-105.59,40.00,802.49
-76.35,38.00,802.49
-47.11,35.00,802.49
-17.86,32.00,802.49
11.38,30.00,802.49
40.62,29.00,802.49
69.86,28.00,802.49
99.10,27.00,802.49
128.34,25.00,802.49
157.58,26.00,802.49
186.82,24.00,802.49
216.06,21.00,802.49
245.31,20.00,802.49
274.55,22.00,802.49
303.79,23.00,802.49
333.03,24.00,802.49
362.27,24.00,802.49
391.51,24.00,802.49
420.75,24.00,802.49
449.99,25.00,802.49
479.23,24.00,802.49
508.48,23.00,802.49
537.72,22.00,802.49
566.96,19.00,802.49
596.20,18.00,802.49
625.44,19.00,802.49
654.68,19.00,802.49
683.92,18.00,802.49
713.16,15.00,802.49
742.40,14.00,802.49
771.65,14.00,802.49
800.89,17.00,802.49
830.13,18.00,802.49
859.37,16.00,802.49
888.61,15.00,802.49
917.85,15.00,802.49
-924.34,17.00,832.49
-895.10,18.00,832.49
-865.86,18.00,832.49
-836.62,18.00,832.49
-807.38,17.00,832.49
-778.13,17.00,832.49
-748.89,19.00,832.49
-719.65,20.00,832.49
-690.41,20.00,832.49
-661.17,21.00,832.49
-631.93,23.00,832.49
-602.69,24.00,832.49
-573.45,25.00,832.49
-544.21,24.00,832.49
-514.96,24.00,832.49
-485.72,26.00,832.49
-456.48,29.00,832.49
-427.24,31.00,832.49
-398.00,33.00,832.49
-368.76,32.00,832.49
-339.52,32.00,832.49
-310.28,32.00,832.49
-281.04,33.00,832.49
-251.79,33.00,832.49
-222.55,34.00,832.49
-193.31,34.00,832.49
-164.07,36.00,832.49
-134.83,36.00,832.49
-105.59,36.00,832.49
-76.35,35.00,832.49
-47.11,33.00,832.49
-17.86,30.00,832.49
11.38,28.00,832.49
40.62,27.00,832.49
69.86,27.00,832.49
99.10,27.00,832.49
128.34,26.00,832.49
157.58,26.00,832.49
186.82,24.00,832.49
216.06,22.00,832.49
245.31,24.00,832.49
274.55,26.00,832.49
303.79,25.00,832.49
333.03,24.00,832.49
362.27,23.00,832.49
391.51,22.00,832.49
420.75,23.00,832.49
449.99,22.00,832.49
479.23,22.00,832.49
508.48,21.00,832.49
537.72,21.00,832.49
566.96,19.00,832.49
596.20,20.00,832.49
625.44,20.00,832.49
654.68,19.00,832.49
683.92,18.00,832.49
713.16,15.00,832.49
742.40,13.00,832.49
771.65,13.00,832.49
800.89,17.00,832.49
830.13,17.00,832.49
859.37,17.00,832.49
888.61,15.00,832.49
917.85,16.00,832.49
