x,y,z,row,col
-481.45,17.19,-479.31,0,1
-452.20,16.94,-479.53,0,2
-422.96,17.08,-479.74,0,3
-393.71,17.20,-479.96,0,4
-364.47,17.30,-480.18,0,5
-335.22,17.50,-480.39,0,6
-305.98,17.92,-480.61,0,7
-276.73,18.24,-480.83,0,8
-247.49,18.16,-481.04,0,9
-218.24,18.50,-481.26,0,10
-189.00,18.35,-481.47,0,11
-159.75,18.99,-481.69,0,12
-130.51,19.14,-481.91,0,13
-101.26,18.39,-482.12,0,14
-72.02,18.99,-482.34,0,15
-42.77,18.36,-482.56,0,16
-13.53,18.41,-482.77,0,17
15.72,18.50,-482.99,0,18
44.96,18.67,-483.21,0,19
74.21,18.67,-483.42,0,20
103.45,18.83,-483.64,0,21
132.70,19.79,-483.86,0,22
161.94,20.83,-484.08,0,23
191.19,21.43,-484.29,0,24
220.43,21.74,-484.51,0,25
249.68,21.91,-484.73,0,26
278.92,21.75,-484.94,0,27
308.17,22.34,-485.16,0,28
337.41,23.14,-485.38,0,29
366.66,23.73,-485.59,0,30
395.91,23.99,-485.81,0,31
425.15,24.31,-486.03,0,32
454.40,24.50,-486.25,0,33
483.64,24.01,-486.46,0,34
-481.23,16.84,-449.49,1,1
-451.98,17.22,-449.71,1,2
-422.74,17.24,-449.93,1,3
-393.49,17.22,-450.14,1,4
-364.25,17.44,-450.36,1,5
-335.00,17.62,-450.58,1,6
-305.76,17.86,-450.79,1,7
-276.51,17.72,-451.01,1,8
-247.27,17.57,-451.22,1,9
-218.02,17.59,-451.44,1,10
-188.78,17.78,-451.66,1,11
-159.53,18.00,-451.87,1,12
-130.29,18.25,-452.09,1,13
-101.04,18.13,-452.31,1,14
-71.80,18.13,-452.52,1,15
-42.55,18.21,-452.74,1,16
-13.31,18.24,-452.96,1,17
15.94,18.30,-453.17,1,18
45.18,18.60,-453.39,1,19
74.43,18.60,-453.61,1,20
103.68,19.45,-453.82,1,21
132.92,19.67,-454.04,1,22
162.17,20.18,-454.26,1,23
191.41,20.71,-454.48,1,24
220.66,21.60,-454.69,1,25
249.90,21.10,-454.91,1,26
279.15,21.55,-455.13,1,27
308.39,21.15,-455.34,1,28
337.64,21.46,-455.56,1,29
366.88,22.54,-455.78,1,30
396.13,22.84,-455.99,1,31
425.37,23.19,-456.21,1,32
454.62,24.20,-456.43,1,33
483.86,23.06,-456.65,1,34
-481.01,16.01,-419.68,2,1
-451.76,17.59,-419.89,2,2
-422.52,20.29,-420.11,2,3
-393.27,21.67,-420.33,2,4
-364.03,21.75,-420.54,2,5
-334.78,18.26,-420.76,2,6
-305.54,17.12,-420.98,2,7
-276.29,16.61,-421.19,2,8
-247.05,17.01,-421.41,2,9
-217.80,17.63,-421.62,2,10
-188.56,17.16,-421.84,2,11
-159.31,17.17,-422.06,2,12
-130.06,17.31,-422.27,2,13
-100.82,16.86,-422.49,2,14
-71.57,16.69,-422.71,2,15
-42.33,17.50,-422.92,2,16
-13.08,16.91,-423.14,2,17
16.16,17.04,-423.36,2,18
45.41,18.43,-423.57,2,19
74.65,18.43,-423.79,2,20
103.90,18.29,-424.01,2,21
133.14,19.28,-424.22,2,22
162.39,19.46,-424.44,2,23
191.63,20.19,-424.66,2,24
220.88,20.53,-424.87,2,25
250.12,21.01,-425.09,2,26
279.37,21.01,-425.31,2,27
308.61,20.93,-425.53,2,28
337.86,20.96,-425.74,2,29
367.10,21.16,-425.96,2,30
396.35,21.78,-426.18,2,31
425.59,22.26,-426.39,2,32
454.84,22.73,-426.61,2,33
484.08,22.93,-426.83,2,34
-480.79,14.67,-389.86,3,1
-451.54,16.72,-390.08,3,2
-422.30,21.52,-390.29,3,3
-393.05,18.06,-390.51,3,4
-363.81,16.30,-390.73,3,5
-334.56,16.88,-390.94,3,6
-305.32,16.34,-391.16,3,7
-276.07,16.05,-391.37,3,8
-246.82,15.55,-391.59,3,9
-217.58,15.85,-391.81,3,10
-188.33,16.90,-392.02,3,11
-159.09,16.70,-392.24,3,12
-129.84,16.47,-392.46,3,13
-100.60,16.33,-392.67,3,14
-71.35,16.41,-392.89,3,15
-42.11,16.52,-393.11,3,16
-12.86,16.93,-393.32,3,17
16.38,18.00,-393.54,3,18
45.63,17.99,-393.76,3,19
74.87,17.99,-393.97,3,20
104.12,18.09,-394.19,3,21
133.36,18.79,-394.41,3,22
162.61,19.54,-394.62,3,23
191.85,20.18,-394.84,3,24
221.10,19.64,-395.06,3,25
250.34,20.02,-395.27,3,26
279.59,19.96,-395.49,3,27
308.83,20.42,-395.71,3,28
338.08,19.95,-395.93,3,29
367.32,20.89,-396.14,3,30
396.57,21.14,-396.36,3,31
425.81,21.52,-396.58,3,32
455.06,21.74,-396.79,3,33
484.30,22.34,-397.01,3,34
-480.57,14.92,-360.04,4,1
-451.32,14.46,-360.26,4,2
-422.08,14.71,-360.48,4,3
-392.83,15.94,-360.69,4,4
-363.58,16.03,-360.91,4,5
-334.34,14.70,-361.12,4,6
-305.09,14.13,-361.34,4,7
-275.85,13.75,-361.56,4,8
-246.60,14.43,-361.77,4,9
-217.36,14.81,-361.99,4,10
-188.11,15.15,-362.21,4,11
-158.87,15.56,-362.42,4,12
-129.62,16.04,-362.64,4,13
-100.38,16.36,-362.86,4,14
-71.13,16.14,-363.07,4,15
-41.89,16.51,-363.29,4,16
-12.64,16.79,-363.51,4,17
16.60,17.39,-363.72,4,18
45.85,18.05,-363.94,4,19
75.09,18.05,-364.16,4,20
104.34,17.87,-364.37,4,21
133.58,18.79,-364.59,4,22
162.83,19.38,-364.81,4,23
192.07,19.60,-365.02,4,24
221.32,18.96,-365.24,4,25
250.56,19.42,-365.46,4,26
279.81,19.42,-365.67,4,27
309.05,19.52,-365.89,4,28
338.30,20.13,-366.11,4,29
367.55,20.30,-366.33,4,30
396.79,20.51,-366.54,4,31
426.04,20.70,-366.76,4,32
455.28,20.82,-366.98,4,33
484.53,21.46,-367.19,4,34
-480.34,12.18,-330.23,5,1
-451.10,13.11,-330.44,5,2
-421.85,13.27,-330.66,5,3
-392.61,12.34,-330.88,5,4
-363.36,12.43,-331.09,5,5
-334.12,13.02,-331.31,5,6
-304.87,12.75,-331.52,5,7
-275.63,12.86,-331.74,5,8
-246.38,13.08,-331.96,5,9
-217.14,13.24,-332.17,5,10
-187.89,14.87,-332.39,5,11
-158.65,14.84,-332.61,5,12
-129.40,15.16,-332.82,5,13
-100.16,15.41,-333.04,5,14
-70.91,15.46,-333.26,5,15
-41.67,15.87,-333.47,5,16
-12.42,16.50,-333.69,5,17
16.82,16.09,-333.91,5,18
46.07,16.23,-334.12,5,19
75.31,16.23,-334.34,5,20
104.56,17.38,-334.56,5,21
133.80,18.21,-334.77,5,22
163.05,18.09,-334.99,5,23
192.30,18.24,-335.21,5,24
221.54,18.45,-335.42,5,25
250.79,19.14,-335.64,5,26
280.03,19.37,-335.86,5,27
309.28,19.29,-336.07,5,28
338.52,18.92,-336.29,5,29
367.77,19.22,-336.51,5,30
397.01,19.93,-336.73,5,31
426.26,20.30,-336.94,5,32
455.50,20.52,-337.16,5,33
484.75,20.95,-337.38,5,34
-480.12,12.37,-300.41,6,1
-450.88,11.93,-300.63,6,2
-421.63,12.62,-300.84,6,3
-392.39,12.10,-301.06,6,4
-363.14,12.70,-301.27,6,5
-333.90,12.96,-301.49,6,6
-304.65,12.52,-301.71,6,7
-275.41,13.01,-301.92,6,8
-246.16,14.88,-302.14,6,9
-216.92,13.76,-302.36,6,10
-187.67,14.49,-302.57,6,11
-158.43,14.48,-302.79,6,12
-129.18,14.71,-303.01,6,13
-99.94,14.64,-303.22,6,14
-70.69,14.86,-303.44,6,15
-41.45,15.13,-303.66,6,16
-12.20,15.69,-303.87,6,17
17.04,16.40,-304.09,6,18
46.29,16.26,-304.31,6,19
75.53,16.26,-304.52,6,20
104.78,16.45,-304.74,6,21
134.03,16.89,-304.96,6,22
163.27,17.39,-305.17,6,23
192.52,17.20,-305.39,6,24
221.76,17.36,-305.61,6,25
251.01,17.41,-305.82,6,26
280.25,17.82,-306.04,6,27
309.50,18.34,-306.26,6,28
338.74,19.02,-306.47,6,29
367.99,19.09,-306.69,6,30
397.23,19.74,-306.91,6,31
426.48,20.24,-307.13,6,32
455.72,20.33,-307.34,6,33
484.97,20.61,-307.56,6,34
-479.90,11.16,-270.59,7,1
-450.66,11.70,-270.81,7,2
-421.41,11.72,-271.03,7,3
-392.17,11.92,-271.24,7,4
-362.92,12.22,-271.46,7,5
-333.68,12.28,-271.67,7,6
-304.43,12.21,-271.89,7,7
-275.19,12.29,-272.11,7,8
-245.94,13.76,-272.32,7,9
-216.70,13.21,-272.54,7,10
-187.45,13.51,-272.76,7,11
-158.21,13.90,-272.97,7,12
-128.96,14.08,-273.19,7,13
-99.72,14.04,-273.41,7,14
-70.47,14.34,-273.62,7,15
-41.23,14.58,-273.84,7,16
-11.98,14.69,-274.06,7,17
17.27,15.63,-274.27,7,18
46.51,15.52,-274.49,7,19
75.76,15.52,-274.71,7,20
105.00,15.34,-274.92,7,21
134.25,17.02,-275.14,7,22
163.49,16.94,-275.36,7,23
192.74,17.75,-275.57,7,24
221.98,16.96,-275.79,7,25
251.23,17.36,-276.01,7,26
280.47,17.09,-276.22,7,27
309.72,17.96,-276.44,7,28
338.96,18.14,-276.66,7,29
368.21,18.74,-276.87,7,30
397.45,19.72,-277.09,7,31
426.70,19.53,-277.31,7,32
455.95,20.01,-277.53,7,33
485.19,20.38,-277.74,7,34
-479.68,10.57,-240.78,8,1
-450.44,10.62,-240.99,8,2
-421.19,10.86,-241.21,8,3
-391.95,11.14,-241.42,8,4
-362.70,11.57,-241.64,8,5
-333.46,11.53,-241.86,8,6
-304.21,11.62,-242.07,8,7
-274.97,11.86,-242.29,8,8
-245.72,13.04,-242.51,8,9
-216.48,11.82,-242.72,8,10
-187.23,12.78,-242.94,8,11
-157.99,12.44,-243.16,8,12
-128.74,12.73,-243.37,8,13
-99.49,13.19,-243.59,8,14
-70.25,13.84,-243.81,8,15
-41.00,13.49,-244.02,8,16
-11.76,13.63,-244.24,8,17
17.49,14.16,-244.45,8,18
46.73,14.76,-244.67,8,19
75.98,14.76,-244.89,8,20
105.22,14.52,-245.11,8,21
134.47,15.45,-245.32,8,22
163.71,15.98,-245.54,8,23
192.96,16.32,-245.76,8,24
222.20,16.13,-245.97,8,25
251.45,16.51,-246.19,8,26
280.69,16.77,-246.41,8,27
309.94,17.05,-246.62,8,28
339.19,16.45,-246.84,8,29
368.43,17.68,-247.06,8,30
397.68,18.30,-247.27,8,31
426.92,19.09,-247.49,8,32
456.17,19.76,-247.71,8,33
485.41,19.96,-247.93,8,34
-479.46,9.84,-210.96,9,1
-450.22,9.97,-211.17,9,2
-420.97,9.89,-211.39,9,3
-391.73,10.20,-211.61,9,4
-362.48,9.88,-211.82,9,5
-333.24,9.94,-212.04,9,6
-303.99,10.16,-212.26,9,7
-274.75,10.56,-212.47,9,8
-245.50,11.23,-212.69,9,9
-216.26,11.36,-212.91,9,10
-187.01,11.77,-213.12,9,11
-157.76,11.38,-213.34,9,12
-128.52,11.59,-213.55,9,13
-99.27,12.08,-213.77,9,14
-70.03,12.60,-213.99,9,15
-40.78,12.61,-214.20,9,16
-11.54,13.53,-214.42,9,17
17.71,14.59,-214.64,9,18
46.95,14.26,-214.85,9,19
76.20,14.26,-215.07,9,20
105.44,14.67,-215.29,9,21
134.69,13.32,-215.50,9,22
163.93,14.16,-215.72,9,23
193.18,15.10,-215.94,9,24
222.42,14.38,-216.16,9,25
251.67,15.10,-216.37,9,26
280.92,16.15,-216.59,9,27
310.16,16.45,-216.81,9,28
339.41,16.56,-217.02,9,29
368.65,16.01,-217.24,9,30
397.90,17.65,-217.46,9,31
427.14,18.49,-217.67,9,32
456.39,19.36,-217.89,9,33
485.63,19.48,-218.11,9,34
-479.24,9.54,-181.14,10,1
-450.00,9.56,-181.36,10,2
-420.75,9.36,-181.57,10,3
-391.51,9.24,-181.79,10,4
-362.26,8.94,-182.01,10,5
-333.02,9.00,-182.22,10,6
-303.77,9.32,-182.44,10,7
-274.53,9.88,-182.66,10,8
-245.28,9.85,-182.87,10,9
-216.03,9.81,-183.09,10,10
-186.79,9.87,-183.30,10,11
-157.54,10.30,-183.52,10,12
-128.30,10.47,-183.74,10,13
-99.05,10.46,-183.95,10,14
-69.81,11.30,-184.17,10,15
-40.56,10.77,-184.39,10,16
-11.32,11.43,-184.60,10,17
17.93,12.21,-184.82,10,18
47.17,12.42,-185.04,10,19
76.42,12.42,-185.25,10,20
105.66,13.17,-185.47,10,21
134.91,13.80,-185.69,10,22
164.16,12.68,-185.90,10,23
193.40,12.94,-186.12,10,24
222.65,13.52,-186.34,10,25
251.89,14.61,-186.56,10,26
281.14,15.28,-186.77,10,27
310.38,15.28,-186.99,10,28
339.63,15.63,-187.21,10,29
368.87,15.54,-187.42,10,30
398.12,15.87,-187.64,10,31
427.36,17.41,-187.86,10,32
456.61,18.22,-188.07,10,33
485.86,19.68,-188.29,10,34
-479.02,9.07,-151.32,11,1
-449.78,9.17,-151.54,11,2
-420.53,9.16,-151.76,11,3
-391.29,8.67,-151.97,11,4
-362.04,8.58,-152.19,11,5
-332.80,8.59,-152.41,11,6
-303.55,8.52,-152.62,11,7
-274.31,8.62,-152.84,11,8
-245.06,8.90,-153.06,11,9
-215.81,9.19,-153.27,11,10
-186.57,9.03,-153.49,11,11
-157.32,9.14,-153.70,11,12
-128.08,9.21,-153.92,11,13
-98.83,9.27,-154.14,11,14
-69.59,9.38,-154.35,11,15
-40.34,10.06,-154.57,11,16
-11.10,10.35,-154.79,11,17
18.15,11.10,-155.00,11,18
47.39,11.56,-155.22,11,19
76.64,11.56,-155.44,11,20
105.89,12.49,-155.65,11,21
135.13,11.53,-155.87,11,22
164.38,12.48,-156.09,11,23
193.62,12.67,-156.30,11,24
222.87,13.26,-156.52,11,25
252.11,13.70,-156.74,11,26
281.36,13.71,-156.96,11,27
310.60,14.35,-157.17,11,28
339.85,14.63,-157.39,11,29
369.09,15.39,-157.61,11,30
398.34,15.32,-157.82,11,31
427.59,16.23,-158.04,11,32
456.83,17.44,-158.26,11,33
486.08,17.45,-158.47,11,34
-478.80,8.92,-121.51,12,1
-449.56,8.95,-121.72,12,2
-420.31,8.82,-121.94,12,3
-391.07,8.55,-122.16,12,4
-361.82,8.43,-122.37,12,5
-332.58,8.39,-122.59,12,6
-303.33,8.39,-122.81,12,7
-274.08,8.37,-123.02,12,8
-244.84,8.48,-123.24,12,9
-215.59,8.58,-123.45,12,10
-186.35,8.65,-123.67,12,11
-157.10,8.64,-123.89,12,12
-127.86,8.82,-124.10,12,13
-98.61,8.86,-124.32,12,14
-69.37,9.16,-124.54,12,15
-40.12,9.45,-124.75,12,16
-10.88,9.85,-124.97,12,17
18.37,10.23,-125.19,12,18
47.62,10.72,-125.40,12,19
76.86,10.72,-125.62,12,20
106.11,11.08,-125.84,12,21
135.35,11.79,-126.05,12,22
164.60,12.07,-126.27,12,23
193.84,12.65,-126.49,12,24
223.09,12.54,-126.70,12,25
252.33,12.79,-126.92,12,26
281.58,13.35,-127.14,12,27
310.82,13.23,-127.36,12,28
340.07,13.76,-127.57,12,29
369.32,14.20,-127.79,12,30
398.56,15.12,-128.01,12,31
427.81,15.21,-128.22,12,32
457.05,15.45,-128.44,12,33
486.30,16.37,-128.66,12,34
-478.58,8.84,-91.69,13,1
-449.34,8.64,-91.91,13,2
-420.09,8.55,-92.12,13,3
-390.85,8.37,-92.34,13,4
-361.60,8.31,-92.56,13,5
-332.35,8.26,-92.77,13,6
-303.11,8.30,-92.99,13,7
-273.86,8.31,-93.20,13,8
-244.62,8.27,-93.42,13,9
-215.37,8.30,-93.64,13,10
-186.13,8.36,-93.85,13,11
-156.88,8.45,-94.07,13,12
-127.64,8.66,-94.29,13,13
-98.39,8.85,-94.50,13,14
-69.15,8.80,-94.72,13,15
-39.90,8.93,-94.94,13,16
-10.65,9.30,-95.15,13,17
18.59,9.67,-95.37,13,18
47.84,10.06,-95.59,13,19
77.08,10.06,-95.80,13,20
106.33,10.27,-96.02,13,21
135.57,11.01,-96.24,13,22
164.82,11.39,-96.45,13,23
194.06,11.68,-96.67,13,24
223.31,11.69,-96.89,13,25
252.55,12.05,-97.10,13,26
281.80,12.46,-97.32,13,27
311.05,12.99,-97.54,13,28
340.29,13.08,-97.76,13,29
369.54,13.12,-97.97,13,30
398.78,13.70,-98.19,13,31
428.03,14.15,-98.41,13,32
457.27,14.71,-98.62,13,33
486.52,15.13,-98.84,13,34
-478.36,8.57,-61.87,14,1
-449.12,8.47,-62.09,14,2
-419.87,8.36,-62.31,14,3
-390.63,8.28,-62.52,14,4
-361.38,8.21,-62.74,14,5
-332.13,8.18,-62.96,14,6
-302.89,8.22,-63.17,14,7
-273.64,8.23,-63.39,14,8
-244.40,8.16,-63.60,14,9
-215.15,8.19,-63.82,14,10
-185.91,8.24,-64.04,14,11
-156.66,8.34,-64.25,14,12
-127.42,8.46,-64.47,14,13
-98.17,8.56,-64.69,14,14
-68.92,8.65,-64.90,14,15
-39.68,8.97,-65.12,14,16
-10.43,9.05,-65.34,14,17
18.81,9.44,-65.55,14,18
48.06,9.83,-65.77,14,19
77.30,9.83,-65.99,14,20
106.55,9.64,-66.20,14,21
135.79,10.16,-66.42,14,22
165.04,10.79,-66.64,14,23
194.28,11.39,-66.85,14,24
223.53,11.56,-67.07,14,25
252.78,11.91,-67.29,14,26
282.02,12.25,-67.50,14,27
311.27,12.62,-67.72,14,28
340.51,12.77,-67.94,14,29
369.76,12.83,-68.16,14,30
399.00,13.24,-68.37,14,31
428.25,13.49,-68.59,14,32
457.50,13.48,-68.81,14,33
486.74,14.00,-69.02,14,34
-507.39,8.66,-31.84,15,0
-478.14,8.45,-32.06,15,1
-448.90,8.38,-32.27,15,2
-419.65,8.29,-32.49,15,3
-390.40,8.21,-32.71,15,4
-361.16,8.14,-32.92,15,5
-331.91,8.14,-33.14,15,6
-302.67,8.07,-33.35,15,7
-273.42,8.07,-33.57,15,8
-244.18,8.08,-33.79,15,9
-214.93,8.10,-34.00,15,10
-185.69,8.14,-34.22,15,11
-156.44,8.22,-34.44,15,12
-127.20,8.35,-34.65,15,13
-97.95,8.39,-34.87,15,14
-68.70,8.49,-35.09,15,15
-39.46,8.61,-35.30,15,16
-10.21,8.86,-35.52,15,17
19.03,9.20,-35.74,15,18
48.28,9.23,-35.95,15,19
77.52,9.23,-36.17,15,20
106.77,9.46,-36.39,15,21
136.01,9.85,-36.60,15,22
165.26,10.52,-36.82,15,23
194.51,11.03,-37.04,15,24
223.75,11.55,-37.25,15,25
253.00,11.73,-37.47,15,26
282.24,12.02,-37.69,15,27
311.49,12.34,-37.90,15,28
340.73,12.54,-38.12,15,29
369.98,12.89,-38.34,15,30
399.23,13.02,-38.56,15,31
428.47,13.11,-38.77,15,32
457.72,13.30,-38.99,15,33
486.96,13.77,-39.21,15,34
-507.17,8.63,-2.02,16,0
-477.92,8.38,-2.24,16,1
-448.68,8.35,-2.46,16,2
-419.43,8.23,-2.67,16,3
-390.18,8.16,-2.89,16,4
-360.94,8.10,-3.10,16,5
-331.69,8.05,-3.32,16,6
-302.45,8.02,-3.54,16,7
-273.20,8.01,-3.75,16,8
-243.96,8.02,-3.97,16,9
-214.71,8.04,-4.19,16,10
-185.47,8.07,-4.40,16,11
-156.22,8.14,-4.62,16,12
-126.97,8.20,-4.84,16,13
-97.73,8.27,-5.05,16,14
-68.48,8.37,-5.27,16,15
-39.24,8.48,-5.49,16,16
-9.99,8.66,-5.70,16,17
19.25,9.05,-5.92,16,18
48.50,9.09,-6.14,16,19
77.74,9.09,-6.35,16,20
106.99,9.34,-6.57,16,21
136.24,9.74,-6.79,16,22
165.48,10.22,-7.00,16,23
194.73,10.99,-7.22,16,24
223.97,11.48,-7.44,16,25
253.22,12.00,-7.65,16,26
282.46,12.12,-7.87,16,27
311.71,12.27,-8.09,16,28
340.96,12.50,-8.30,16,29
370.20,12.82,-8.52,16,30
399.45,12.89,-8.74,16,31
428.69,13.02,-8.96,16,32
457.94,13.17,-9.17,16,33
487.18,13.57,-9.39,16,34
-506.95,8.39,27.79,17,0
-477.70,8.43,27.58,17,1
-448.45,8.27,27.36,17,2
-419.21,8.24,27.14,17,3
-389.96,8.13,26.93,17,4
-360.72,8.07,26.71,17,5
-331.47,8.03,26.50,17,6
-302.23,8.00,26.28,17,7
-272.98,7.98,26.06,17,8
-243.74,7.98,25.85,17,9
-214.49,8.00,25.63,17,10
-185.24,8.02,25.41,17,11
-156.00,8.08,25.20,17,12
-126.75,8.15,24.98,17,13
-97.51,8.24,24.76,17,14
-68.26,8.31,24.55,17,15
-39.02,8.46,24.33,17,16
-9.77,8.60,24.11,17,17
19.47,8.81,23.90,17,18
48.72,9.09,23.68,17,19
77.97,9.09,23.46,17,20
107.21,9.46,23.25,17,21
136.46,9.65,23.03,17,22
165.70,10.34,22.81,17,23
194.95,10.86,22.60,17,24
224.19,11.96,22.38,17,25
253.44,12.08,22.16,17,26
282.69,12.24,21.95,17,27
311.93,12.49,21.73,17,28
341.18,12.64,21.51,17,29
370.42,12.80,21.30,17,30
399.67,12.88,21.08,17,31
428.91,13.01,20.86,17,32
458.16,13.15,20.64,17,33
487.40,13.36,20.43,17,34
-506.73,8.39,57.61,18,0
-477.48,8.43,57.39,18,1
-448.23,8.27,57.18,18,2
-418.99,8.24,56.96,18,3
-389.74,8.13,56.75,18,4
-360.50,8.07,56.53,18,5
-331.25,8.03,56.31,18,6
-302.01,8.00,56.10,18,7
-272.76,7.98,55.88,18,8
-243.52,7.98,55.66,18,9
-214.27,8.00,55.45,18,10
-185.02,8.02,55.23,18,11
-155.78,8.08,55.01,18,12
-126.53,8.15,54.80,18,13
-97.29,8.24,54.58,18,14
-68.04,8.31,54.37,18,15
-38.80,8.46,54.15,18,16
-9.55,8.60,53.93,18,17
19.70,8.81,53.72,18,18
48.94,9.09,53.50,18,19
78.19,9.09,53.28,18,20
107.43,9.46,53.07,18,21
136.68,9.65,52.85,18,22
165.92,10.34,52.63,18,23
195.17,10.86,52.41,18,24
224.41,11.96,52.20,18,25
253.66,12.08,51.98,18,26
282.91,12.24,51.76,18,27
312.15,12.49,51.55,18,28
341.40,12.64,51.33,18,29
370.64,12.80,51.11,18,30
399.89,12.88,50.90,18,31
429.13,13.01,50.68,18,32
458.38,13.15,50.46,18,33
487.63,13.36,50.24,18,34
-506.51,8.38,87.43,19,0
-477.26,8.28,87.21,19,1
-448.01,8.24,86.99,19,2
-418.77,8.24,86.78,19,3
-389.52,8.10,86.56,19,4
-360.28,8.07,86.35,19,5
-331.03,8.04,86.13,19,6
-301.79,7.99,85.91,19,7
-272.54,7.97,85.70,19,8
-243.29,7.97,85.48,19,9
-214.05,7.97,85.26,19,10
-184.80,8.00,85.05,19,11
-155.56,8.06,84.83,19,12
-126.31,8.11,84.62,19,13
-97.07,8.20,84.40,19,14
-67.82,8.29,84.18,19,15
-38.58,8.42,83.97,19,16
-9.33,8.62,83.75,19,17
19.92,8.86,83.53,19,18
49.16,9.12,83.32,19,19
78.41,9.12,83.10,19,20
107.65,9.62,82.88,19,21
136.90,9.72,82.67,19,22
166.14,10.58,82.45,19,23
195.39,11.30,82.23,19,24
224.64,12.06,82.01,19,25
253.88,12.22,81.80,19,26
283.13,12.42,81.58,19,27
312.37,12.67,81.36,19,28
341.62,12.78,81.15,19,29
370.86,12.81,80.93,19,30
400.11,12.93,80.71,19,31
429.36,13.05,80.50,19,32
458.60,13.19,80.28,19,33
487.85,13.40,80.06,19,34
-506.29,8.29,117.24,20,0
-477.04,8.21,117.03,20,1
-447.79,8.19,116.81,20,2
-418.55,8.12,116.60,20,3
-389.30,8.09,116.38,20,4
-360.06,8.06,116.16,20,5
-330.81,8.03,115.95,20,6
-301.57,8.01,115.73,20,7
-272.32,7.98,115.51,20,8
-243.07,7.97,115.30,20,9
-213.83,7.98,115.08,20,10
-184.58,8.00,114.86,20,11
-155.34,8.04,114.65,20,12
-126.09,8.11,114.43,20,13
-96.85,8.19,114.22,20,14
-67.60,8.38,114.00,20,15
-38.35,8.44,113.78,20,16
-9.11,8.76,113.57,20,17
20.14,9.00,113.35,20,18
49.38,9.35,113.13,20,19
78.63,9.35,112.92,20,20
107.87,9.61,112.70,20,21
137.12,10.24,112.48,20,22
166.37,10.85,112.27,20,23
195.61,11.88,112.05,20,24
224.86,12.12,111.83,20,25
254.10,12.45,111.62,20,26
283.35,12.59,111.40,20,27
312.59,12.92,111.18,20,28
341.84,12.81,110.96,20,29
371.09,12.92,110.75,20,30
400.33,13.02,110.53,20,31
429.58,13.14,110.31,20,32
458.82,13.27,110.10,20,33
488.07,13.53,109.88,20,34
-506.06,8.14,147.06,21,0
-476.82,8.21,146.84,21,1
-447.57,8.22,146.63,21,2
-418.33,8.10,146.41,21,3
-389.08,8.11,146.20,21,4
-359.84,8.07,145.98,21,5
-330.59,8.05,145.76,21,6
-301.34,8.03,145.55,21,7
-272.10,8.01,145.33,21,8
-242.85,8.00,145.11,21,9
-213.61,8.00,144.90,21,10
-184.36,8.03,144.68,21,11
-155.12,8.07,144.47,21,12
-125.87,8.14,144.25,21,13
-96.62,8.23,144.03,21,14
-67.38,8.35,143.82,21,15
-38.13,8.56,143.60,21,16
-8.89,8.84,143.38,21,17
20.36,9.04,143.17,21,18
49.60,9.71,142.95,21,19
78.85,9.71,142.73,21,20
108.10,9.75,142.52,21,21
137.34,10.71,142.30,21,22
166.59,11.31,142.08,21,23
195.83,12.23,141.87,21,24
225.08,12.37,141.65,21,25
254.32,12.70,141.43,21,26
283.57,12.86,141.22,21,27
312.82,12.96,141.00,21,28
342.06,13.05,140.78,21,29
371.31,13.09,140.56,21,30
400.55,13.16,140.35,21,31
429.80,13.27,140.13,21,32
459.04,13.45,139.91,21,33
488.29,13.74,139.70,21,34
-505.84,7.81,176.88,22,0
-476.60,8.05,176.66,22,1
-447.35,8.05,176.45,22,2
-418.11,8.08,176.23,22,3
-388.86,8.10,176.01,22,4
-359.62,8.09,175.80,22,5
-330.37,8.09,175.58,22,6
-301.12,8.09,175.36,22,7
-271.88,8.06,175.15,22,8
-242.63,8.05,174.93,22,9
-213.39,8.05,174.72,22,10
-184.14,8.08,174.50,22,11
-154.90,8.12,174.28,22,12
-125.65,8.20,174.07,22,13
-96.40,8.30,173.85,22,14
-67.16,8.48,173.63,22,15
-37.91,8.73,173.42,22,16
-8.67,9.08,173.20,22,17
20.58,9.17,172.98,22,18
49.82,9.74,172.77,22,19
79.07,9.74,172.55,22,20
108.32,10.46,172.33,22,21
137.56,10.95,172.12,22,22
166.81,11.79,171.90,22,23
196.05,12.29,171.68,22,24
225.30,12.54,171.47,22,25
254.55,12.69,171.25,22,26
283.79,12.98,171.03,22,27
313.04,13.22,170.82,22,28
342.28,13.17,170.60,22,29
371.53,13.35,170.38,22,30
400.77,13.55,170.16,22,31
430.02,13.69,169.95,22,32
459.27,14.07,169.73,22,33
488.51,14.20,169.51,22,34
-505.62,7.72,206.69,23,0
-476.38,7.91,206.48,23,1
-447.13,7.95,206.26,23,2
-417.89,8.02,206.05,23,3
-388.64,8.09,205.83,23,4
-359.40,8.13,205.61,23,5
-330.15,8.15,205.40,23,6
-300.90,8.16,205.18,23,7
-271.66,8.15,204.97,23,8
-242.41,8.12,204.75,23,9
-213.17,8.13,204.53,23,10
-183.92,8.15,204.32,23,11
-154.68,8.20,204.10,23,12
-125.43,8.28,203.88,23,13
-96.18,8.47,203.67,23,14
-66.94,8.64,203.45,23,15
-37.69,9.01,203.23,23,16
-8.45,9.25,203.02,23,17
20.80,9.52,202.80,23,18
50.05,9.55,202.58,23,19
79.29,9.55,202.37,23,20
108.54,10.80,202.15,23,21
137.78,11.26,201.93,23,22
167.03,12.28,201.72,23,23
196.27,12.64,201.50,23,24
225.52,12.68,201.28,23,25
254.77,13.07,201.07,23,26
284.01,13.42,200.85,23,27
313.26,13.57,200.63,23,28
342.50,13.50,200.42,23,29
371.75,13.68,200.20,23,30
401.00,14.02,199.98,23,31
430.24,14.08,199.76,23,32
459.49,14.49,199.55,23,33
488.73,14.67,199.33,23,34
-505.40,7.64,236.51,24,0
-476.16,7.93,236.30,24,1
-446.91,7.90,236.08,24,2
-417.67,8.05,235.86,24,3
-388.42,8.17,235.65,24,4
-359.18,8.24,235.43,24,5
-329.93,8.27,235.21,24,6
-300.68,8.29,235.00,24,7
-271.44,8.22,234.78,24,8
-242.19,8.24,234.57,24,9
-212.95,8.22,234.35,24,10
-183.70,8.25,234.13,24,11
-154.45,8.30,233.92,24,12
-125.21,8.39,233.70,24,13
-95.96,8.58,233.48,24,14
-66.72,9.06,233.27,24,15
-37.47,9.42,233.05,24,16
-8.23,9.97,232.83,24,17
21.02,10.56,232.62,24,18
50.27,10.92,232.40,24,19
79.51,10.92,232.18,24,20
108.76,11.50,231.97,24,21
138.00,12.09,231.75,24,22
167.25,12.56,231.53,24,23
196.50,12.76,231.32,24,24
225.74,13.04,231.10,24,25
254.99,13.33,230.88,24,26
284.23,13.63,230.67,24,27
313.48,13.87,230.45,24,28
342.72,13.90,230.23,24,29
371.97,14.14,230.02,24,30
401.22,14.55,229.80,24,31
430.46,15.00,229.58,24,32
459.71,15.07,229.36,24,33
488.95,15.18,229.15,24,34
-505.18,7.58,266.33,25,0
-475.94,7.86,266.11,25,1
-446.69,7.83,265.90,25,2
-417.45,8.08,265.68,25,3
-388.20,8.15,265.46,25,4
-358.95,8.33,265.25,25,5
-329.71,8.41,265.03,25,6
-300.46,8.43,264.82,25,7
-271.22,8.42,264.60,25,8
-241.97,8.37,264.38,25,9
-212.73,8.33,264.17,25,10
-183.48,8.36,263.95,25,11
-154.23,8.52,263.73,25,12
-124.99,8.54,263.52,25,13
-95.74,9.21,263.30,25,14
-66.50,9.26,263.08,25,15
-37.25,10.19,262.87,25,16
-8.00,10.33,262.65,25,17
21.24,10.79,262.43,25,18
50.49,11.57,262.22,25,19
79.73,11.57,262.00,25,20
108.98,11.85,261.78,25,21
138.22,12.47,261.57,25,22
167.47,12.89,261.35,25,23
196.72,13.29,261.13,25,24
225.96,13.35,260.92,25,25
255.21,13.61,260.70,25,26
284.45,13.74,260.48,25,27
313.70,14.26,260.27,25,28
342.95,14.31,260.05,25,29
372.19,14.70,259.83,25,30
401.44,14.85,259.62,25,31
430.68,15.17,259.40,25,32
459.93,15.44,259.18,25,33
489.18,15.50,258.96,25,34
-504.96,7.67,296.15,26,0
-475.72,7.65,295.93,26,1
-446.47,7.97,295.71,26,2
-417.23,8.06,295.50,26,3
-387.98,8.22,295.28,26,4
-358.73,8.36,295.06,26,5
-329.49,8.39,294.85,26,6
-300.24,8.56,294.63,26,7
-271.00,8.61,294.42,26,8
-241.75,8.51,294.20,26,9
-212.50,8.45,293.98,26,10
-183.26,8.63,293.77,26,11
-154.01,8.74,293.55,26,12
-124.77,9.11,293.33,26,13
-95.52,9.79,293.12,26,14
-66.28,10.76,292.90,26,15
-37.03,11.03,292.68,26,16
-7.78,10.67,292.47,26,17
21.46,11.17,292.25,26,18
50.71,11.89,292.03,26,19
79.95,11.89,291.82,26,20
109.20,12.58,291.60,26,21
138.45,12.85,291.38,26,22
167.69,12.91,291.17,26,23
196.94,13.19,290.95,26,24
226.18,13.45,290.73,26,25
255.43,13.65,290.52,26,26
284.68,13.83,290.30,26,27
313.92,14.63,290.08,26,28
343.17,15.02,289.87,26,29
372.41,14.87,289.65,26,30
401.66,15.27,289.43,26,31
430.91,15.51,289.22,26,32
460.15,15.67,289.00,26,33
489.40,15.83,288.78,26,34
-504.74,7.54,325.96,27,0
-475.50,7.76,325.75,27,1
-446.25,7.96,325.53,27,2
-417.01,8.04,325.31,27,3
-387.76,8.30,325.10,27,4
-358.51,8.43,324.88,27,5
-329.27,8.61,324.67,27,6
-300.02,8.53,324.45,27,7
-270.78,8.58,324.23,27,8
-241.53,8.54,324.02,27,9
-212.28,8.57,323.80,27,10
-183.04,8.75,323.58,27,11
-153.79,9.26,323.37,27,12
-124.55,9.68,323.15,27,13
-95.30,10.39,322.93,27,14
-66.05,11.34,322.72,27,15
-36.81,12.08,322.50,27,16
-7.56,12.18,322.28,27,17
21.68,12.56,322.07,27,18
50.93,12.78,321.85,27,19
80.17,12.78,321.64,27,20
109.42,12.85,321.42,27,21
138.67,13.08,321.20,27,22
167.91,13.18,320.98,27,23
197.16,13.54,320.77,27,24
226.40,13.57,320.55,27,25
255.65,13.80,320.33,27,26
284.90,14.29,320.12,27,27
314.14,14.66,319.90,27,28
343.39,15.13,319.68,27,29
372.63,15.44,319.47,27,30
401.88,15.87,319.25,27,31
431.13,16.11,319.03,27,32
460.37,16.04,318.82,27,33
489.62,16.42,318.60,27,34
-504.52,7.56,355.78,28,0
-475.28,7.67,355.56,28,1
-446.03,7.84,355.35,28,2
-416.79,7.94,355.13,28,3
-387.54,8.25,354.91,28,4
-358.29,8.42,354.70,28,5
-329.05,8.57,354.48,28,6
-299.80,8.82,354.27,28,7
-270.56,8.80,354.05,28,8
-241.31,8.84,353.83,28,9
-212.06,8.71,353.62,28,10
-182.82,9.20,353.40,28,11
-153.57,9.40,353.18,28,12
-124.33,9.74,352.97,28,13
-95.08,11.67,352.75,28,14
-65.83,11.98,352.54,28,15
-36.59,12.51,352.32,28,16
-7.34,12.76,352.10,28,17
21.90,12.94,351.89,28,18
51.15,12.89,351.67,28,19
80.40,12.89,351.45,28,20
109.64,13.23,351.24,28,21
138.89,13.30,351.02,28,22
168.13,13.34,350.80,28,23
197.38,13.62,350.59,28,24
226.63,13.88,350.37,28,25
255.87,14.19,350.15,28,26
285.12,14.78,349.93,28,27
314.36,14.71,349.72,28,28
343.61,15.73,349.50,28,29
372.86,15.94,349.28,28,30
402.10,16.30,349.07,28,31
431.35,16.49,348.85,28,32
460.59,16.46,348.63,28,33
489.84,16.40,348.42,28,34
-504.30,7.63,385.60,29,0
-475.06,7.72,385.38,29,1
-445.81,7.84,385.16,29,2
-416.56,8.16,384.95,29,3
-387.32,8.32,384.73,29,4
-358.07,8.43,384.52,29,5
-328.83,8.67,384.30,29,6
-299.58,8.80,384.08,29,7
-270.33,8.95,383.87,29,8
-241.09,8.81,383.65,29,9
-211.84,8.93,383.43,29,10
-182.60,9.18,383.22,29,11
-153.35,10.30,383.00,29,12
-124.11,11.01,382.79,29,13
-94.86,12.17,382.57,29,14
-65.61,12.56,382.35,29,15
-36.37,12.38,382.14,29,16
-7.12,12.57,381.92,29,17
22.12,13.21,381.70,29,18
51.37,13.17,381.49,29,19
80.62,13.17,381.27,29,20
109.86,13.42,381.05,29,21
139.11,13.44,380.84,29,22
168.35,13.50,380.62,29,23
197.60,13.65,380.40,29,24
226.85,14.17,380.19,29,25
256.09,14.50,379.97,29,26
285.34,14.88,379.75,29,27
314.58,15.57,379.53,29,28
343.83,15.90,379.32,29,29
373.08,16.13,379.10,29,30
402.32,16.31,378.88,29,31
431.57,16.46,378.67,29,32
460.82,17.11,378.45,29,33
490.06,17.02,378.23,29,34
-504.08,7.74,415.41,30,0
-474.84,7.83,415.20,30,1
-445.59,8.09,414.98,30,2
-416.34,8.23,414.76,30,3
-387.10,8.37,414.55,30,4
-357.85,8.51,414.33,30,5
-328.61,8.84,414.12,30,6
-299.36,9.16,413.90,30,7
-270.11,9.07,413.68,30,8
-240.87,9.09,413.47,30,9
-211.62,9.16,413.25,30,10
-182.38,9.46,413.03,30,11
-153.13,10.22,412.82,30,12
-123.88,11.71,412.60,30,13
-94.64,11.65,412.39,30,14
-65.39,12.64,412.17,30,15
-36.15,12.92,411.95,30,16
-6.90,12.87,411.74,30,17
22.35,12.94,411.52,30,18
51.59,13.25,411.30,30,19
80.84,13.25,411.09,30,20
110.08,13.38,410.87,30,21
139.33,13.51,410.65,30,22
168.58,13.65,410.44,30,23
197.82,14.08,410.22,30,24
227.07,14.18,410.00,30,25
256.31,14.38,409.79,30,26
285.56,15.36,409.57,30,27
314.81,15.95,409.35,30,28
344.05,16.03,409.13,30,29
373.30,16.70,408.92,30,30
402.54,17.01,408.70,30,31
431.79,17.46,408.48,30,32
461.04,18.16,408.27,30,33
490.28,18.61,408.05,30,34
-503.86,7.89,445.23,31,0
-474.62,7.95,445.01,31,1
-445.37,8.11,444.80,31,2
-416.12,8.37,444.58,31,3
-386.88,8.47,444.37,31,4
-357.63,8.61,444.15,31,5
-328.39,8.75,443.93,31,6
-299.14,9.20,443.72,31,7
-269.89,9.13,443.50,31,8
-240.65,9.44,443.28,31,9
-211.40,10.16,443.07,31,10
-182.16,10.38,442.85,31,11
-152.91,11.10,442.64,31,12
-123.66,11.63,442.42,31,13
-94.42,12.22,442.20,31,14
-65.17,12.54,441.99,31,15
-35.93,13.00,441.77,31,16
-6.68,13.27,441.55,31,17
22.57,13.52,441.34,31,18
51.81,13.40,441.12,31,19
81.06,13.40,440.90,31,20
110.30,13.52,440.69,31,21
139.55,13.85,440.47,31,22
168.80,14.21,440.25,31,23
198.04,14.43,440.04,31,24
227.29,15.10,439.82,31,25
256.53,15.21,439.60,31,26
285.78,15.58,439.39,31,27
315.03,16.38,439.17,31,28
344.27,16.76,438.95,31,29
373.52,16.59,438.74,31,30
402.77,17.53,438.52,31,31
432.01,18.20,438.30,31,32
461.26,19.08,438.08,31,33
490.50,19.87,437.87,31,34
-503.64,8.48,475.05,32,0
-474.40,8.32,474.83,32,1
-445.15,8.59,474.61,32,2
-415.90,8.56,474.40,32,3
-386.66,8.67,474.18,32,4
-357.41,9.03,473.97,32,5
-328.17,9.13,473.75,32,6
-298.92,9.22,473.53,32,7
-269.67,9.29,473.32,32,8
-240.43,10.20,473.10,32,9
-211.18,10.03,472.89,32,10
-181.94,10.62,472.67,32,11
-152.69,11.41,472.45,32,12
-123.44,11.67,472.24,32,13
-94.20,12.29,472.02,32,14
-64.95,12.75,471.80,32,15
-35.70,12.90,471.59,32,16
-6.46,13.18,471.37,32,17
22.79,13.48,471.15,32,18
52.03,14.01,470.94,32,19
81.28,14.01,470.72,32,20
110.53,14.29,470.50,32,21
139.77,14.44,470.29,32,22
169.02,14.46,470.07,32,23
198.26,15.24,469.85,32,24
227.51,15.28,469.64,32,25
256.76,15.80,469.42,32,26
286.00,16.14,469.20,32,27
315.25,16.96,468.99,32,28
344.49,16.97,468.77,32,29
373.74,17.52,468.55,32,30
402.99,18.01,468.34,32,31
432.23,18.88,468.12,32,32
461.48,18.88,467.90,32,33
490.73,19.89,467.68,32,34
-503.42,8.46,504.86,33,0
-474.18,8.57,504.65,33,1
-444.93,8.58,504.43,33,2
-415.68,8.67,504.22,33,3
-386.44,8.82,504.00,33,4
-357.19,9.10,503.78,33,5
-327.95,9.55,503.57,33,6
-298.70,9.78,503.35,33,7
-269.45,9.61,503.13,33,8
-240.21,10.08,502.92,33,9
-210.96,10.47,502.70,33,10
-181.71,11.14,502.49,33,11
-152.47,11.42,502.27,33,12
-123.22,11.71,502.05,33,13
-93.98,12.26,501.84,33,14
-64.73,12.70,501.62,33,15
-35.48,12.93,501.40,33,16
-6.24,13.20,501.19,33,17
23.01,13.41,500.97,33,18
52.25,14.01,500.75,33,19
81.50,14.01,500.54,33,20
110.75,14.79,500.32,33,21
139.99,14.75,500.10,33,22
169.24,15.75,499.89,33,23
198.48,16.04,499.67,33,24
227.73,16.35,499.45,33,25
256.98,16.73,499.24,33,26
286.22,17.11,499.02,33,27
315.47,17.80,498.80,33,28
344.72,18.06,498.59,33,29
373.96,17.84,498.37,33,30
403.21,19.53,498.15,33,31
432.45,19.92,497.94,33,32
461.70,20.48,497.72,33,33
490.95,21.05,497.50,33,34
